name,price,number
艾美特干衣机烘衣机静音宝宝专用双层衣服烘干机家用风干器干衣柜,279,1177
天骏干衣机TJ-211M-2双层烘衣机超静音衣柜烘干机家用宝宝专用,179,2092
Panasonic/松下NH45-19T烘衣机干衣机滚筒式宝宝烘干机家用4.5kg,1998,136
艾美特干衣机家用烘衣机静音省电宝宝专用衣服烘干机双层风干衣柜,269,100
艾美特干衣机双层衣柜烘干机家用烘衣机HGY908P静音可折叠风干机,299,96
艾美特烘衣机干衣机衣服烘干机婴儿宝宝专用静音双层烤衣机干衣柜,259,117
奥德尔10B干衣机家用方形衣服烘干机静音双层暖风烘衣机特价,179,503
志高干衣机双层烘衣机超静音烘干机家用省电宝宝专用包邮,159,1308
艾美特干衣机HGY902P衣服烘干机宝宝专用静音烘干器双层衣物除湿,259,63
天骏干衣机烘干机家用宝宝儿童圆形双层衣服烘衣机静音暖风速干器,176,236
天骏干衣机TJ-238M双层烘干机家用静音衣服烘衣机包邮店长推荐,199,315
【雨季必备】干衣机烘干机家用静音可折叠德尔玛双层大容量家用,99,995
绿菱干衣机家用方形三层烘干机宝宝专用超静音烘衣机特价包邮,119,1797
志高烘衣机儿童迷你小型烘干衣机烘干机家用烘衣服机烤衣服静音,79,405
德尔玛干衣机家用双层烘干机省电宝宝专用超静音烘衣风干器柜,99,110
格力干衣机烘干机家用双层衣柜风干机宝宝专用衣服烘衣机NFA-12A,256,36
先锋干衣机烘衣机可折叠双层方型家用超静音宝宝专用风干机烘干器,148,51
【现货】德尔玛双层干衣机家用烘干机宝宝专用超静音烘衣机,99,38
艾美特干衣机宝宝专用衣物烘干机家用静音烘衣机蓝色经典款,268,84
艾美特干衣机家用静音烘干机家用方形双层衣服烘干机宝宝专用,249,20
贝尔莱德干衣机FB家用暖风衣服烘干机烘衣机超静音宝宝专用,208,55
奔腾干衣机PG092A家用烘衣机烘衣服机婴儿尿布烘干机烘干衣机柜,229,69
先锋干衣机烘干机婴儿宝宝专用静音衣服烘干器烤衣双层烘衣机,149,46
格力干衣机烘衣机家用静音双层衣柜衣服烘干机宝宝专用风干机,318,10
干衣机家用静音德尔玛R10衣服烘干机衣物风干机烘干器升级,298,16
飞利浦家庭衣物除菌机烘干衣机家用婴儿衣服内衣消毒机GC920静音,1999,11
艾美特干衣机HGY1015P家用方形双层烘干机宝宝专用静音干衣柜,259,22
Haier/海尔烘干机GDZA5-61滚筒烘干机壁挂式干衣机全国联保,1439,30
SKG4305干衣机家用衣柜烘干机宝宝专用静音省电烘衣机干衣机,329,33
天骏TJ-SM358干衣机家用双层烘干机紫外线杀菌除螨宝宝静音,289,67
奥德尔HF-F14大容量干衣机家用烘衣机宝宝专用静音衣服烘干机,368,42
飞利浦GC920衣物除菌家用干衣机婴儿衣服内衣消毒柜烘干,1999,30
艾美特干衣机HGY1009P家用宝宝专用烘衣机双层衣服烘干机静音省电,299,18
CTT烘干机家用不锈钢滚筒式4kg烘干机宝宝专用烘衣机衣服干衣机,1399,109
Bear/小熊HGJ-A08A1家用烘干机多功能干衣机抽湿机除湿机暖被机,599,7
志高烘衣机ZG09X迷你烘干衣机烘干机家用烘衣服机烤衣服静音,129,13
艾美特干衣机烘衣机双层大衣服烘干机器静音家用HGY1009P宝宝专用,279,15
艾美特干衣机HGY1002E家用烘干机宝宝专用衣服烘衣机静音节能,289,14
志高烘衣机儿童迷你小型烘干衣机烘干机家用烘衣服机烤衣服静音,79,17
天骏烘衣机干衣机TJ-SM328双层不锈钢烘干机家用宝宝专用静音包邮,268,25
Panasonic/松下NH35-31T干衣机衣服烘干机滚筒式家用烘衣机3.5kg,1838,32
德尔玛干衣机R9双层衣物烘干机家用杀菌快速烘干急速发货,99,15
先锋干衣机家用DQ1351衣服烘衣机节能省电高效杀菌快速烘干机,149,12
天骏TJ-1A-JY干衣机烘干机宝宝专用家用超静音省电双层烘衣机,158,109
志高干衣机ZG09D双层烘衣机超静音烘干机家用宝宝专用,179,7
奔腾干衣机家用静音省电衣服烘干机宝宝专用烘衣机双层方形风干机,299,30
艾美特干衣机HGY1002E家用烘干机宝宝专用衣服烘衣机静音节能,399,13
志高遥控干衣机家用衣物方形双层烘干机宝宝衣服风干器烤哄烘衣柜,239,72
格力干衣机电暖器取暖器家用静音暖风机NFA-12A衣服烘干机衣柜,259,9
Haier/海尔GDZA5-61烘干机壁挂式海尔干衣机江浙沪包邮,1580,12
艾美特干衣机HGY905省电静音宝宝专用方形双层衣服烘干机家用,249,11
格力干衣机烘衣机静音宝宝专用方形滚筒烘干机GSP20家用小太阳,739,9
志高干衣机双层烘衣机超静音烘干机家用省电宝宝专用,199,6
艾美特干衣机双层衣柜烘干机家用烘衣机HGY908P静音可折叠风干机,279,29
艾美特干衣机烘衣机静音宝宝专用方形双层衣服烘干机家用风干器柜,569,39
高端全网大容量德尔玛干衣机三层方形家用静音烘干机杀菌,398,17
电器城干衣机家用静音烘干机包邮德尔玛R10方形双层风干,298,17
奥德尔F9T干衣机家用宝宝专用烘干机双层省电静音烘衣机联保,219,61
格力干衣机家用静音GSP10C衣服烘干机滚筒式烘干器家用不锈钢内胆,799,7
奥德尔HF-Y7干衣机家用静音圆形烘衣机节能省电衣服烘干机正品,199,57
天骏干衣机TJ-1A-JY衣服烘衣机烘干机宝宝专用双层可折叠烘衣机,198,28
天骏TJ-1A-ZN(I)智能遥控干衣机烘干机家用静音烘衣机宝宝专用,229,23
艾美特干衣机双层宝宝烘干机HGY1015P干衣柜烘干机家用衣服烘干机,268,6
飞利浦GC910衣物除菌干衣机家用内衣婴儿衣服消毒器烘干机正品,1698,10
天骏TJ-SM380遥控烘干机家用双层干衣机静音UV杀菌宝宝专享,369,20
飞利浦除菌干衣机婴儿儿童紫外线衣物除菌烘干机GC920正品包邮,1999,12
艾美特干衣机HGY905P家用双层烘干机宝宝衣物烘衣机节能省电静音,249,13
飞利浦GC920衣物除菌家用干衣机婴儿衣服内衣消毒柜烘干,1999,5
天骏双层干衣机烘干机宝宝专用家用静音衣服烘干机,158,42
康佳干衣机家用烘干机烘衣机双层超静音可折叠快速宝宝专用,168,9
干衣机家用Bear/小熊HGJ-A08A1衣服烘干机烘衣机万能宝宝暖被机,599,1
电器城艾美特干衣机HGY1015P家用烘干机烘衣机宝宝专用方形双层,268,7
天骏小天使干衣机烘衣机双层TJ-210M衣物烘干机家用双层,168,6
志高烘衣机ZG09X迷你烘干衣机烘干机家用烘衣服机烤衣服静音,129,5
Bear/小熊烘干机干衣机家用多功能暖被机烘衣机宝宝衣服除螨,599,4
艾美特干衣机HGY1316M家用双层烘干机宝宝衣物烘衣机节能省电静,599,8
Panasonic/松下NH-2010TU干衣机家用杀菌迷你烘干机宝宝专用2kg,1558,9
干衣机家用静音省电烘衣机家用干衣机快速烘衣格米德W-111,129,16
干衣机家用静音省电烘衣机家用快速干衣机烘衣机格米德,129,40
袋鼠妈妈干衣机圆形园型元形烘干机烘衣机静音双层烘衣机包邮,179,257
天骏TJ-211M干衣机烘干机家用方形双层宝宝与成人衣服烘衣机,199,53
袋鼠妈妈干衣机烘衣机静音宝宝专用双层衣服烘干机家用风干器衣柜,179,480
天骏TJ-1A-JY干衣机烘衣机家用静音烘干机宝宝专用可折叠省电,178,23
奔腾干衣机家用宝宝专用高效杀菌双层家用静音省电烘干烘衣机正品,299,6
SKG14893干衣机烘衣机静音双层衣服烘干机家用风干器干衣柜,399,19
CTT烘干机家用商用高端7kg全自动不锈钢滚筒式干衣机衣服烘衣机,2660,38
日彩干衣机双层宝宝烘干机暖风机静音干衣柜烘干机家用衣服烘干机,149,64
袋鼠妈妈衣服烘干机主机干衣机家用主机风干机主机干衣机主机,85,46
耀程干衣机家用小宝宝天鹅衣服物干衣柜烘衣机烘干器风干机烘干机,159,582
CTT滚筒烘干机大容量8KG不锈钢滚筒干衣机足浴洗衣店商用烘干机,2680,26
CTT不锈钢滚筒式快速干衣机4/4.5/6kg烘干机家用商用烘衣机特价,1399,31
日彩干衣机双层烘衣柜超静音衣物毛巾衣服暖风烘干机宝宝家用省电,179,28
干衣机双层烘衣机超静音衣服烘干机家用省电宝宝专用风干器柜,149,128
格力大松干衣机烘衣机家用衣服烘干机静音省电滚筒烘衣机GSP20,768,9
美斯特干衣机烘衣机双层衣服烘干机家用超静音省电宝宝专用包邮,178,26
飞利浦官方旗舰店全方位紫外线衣物除菌机干衣机器GC910包邮正品,1999,3
袋鼠妈妈干衣机烘衣机超静音衣柜烘干机家用宝宝专用大衣服柜,179,14
坚好HY-GYQ-01可折叠便携式家用小微型干衣机烘干机烘衣机干衣架,168,45
吉母干衣机高端暖风宝宝衣物烘干机快速烘衣机静音烘衣器圆形家用,319,25
艾美特干衣机家用双层衣柜烘干机大容量静音烘衣机方形HGY1503,418,10
艾美特家用干衣机HGY1015P双层方形烘干机HGY1009P兄弟款烘衣机,299,4
美斯特干衣机烘衣机双层衣服烘干机家用超静音省电宝宝专用可折叠,198,17
艾美特烘干机双层可折叠快干宝宝专用干衣机家用HGY902P,259,5
限量特价好妻子烘干机家用H10-802烘干机衣柜快速干衣机烘衣柜,398,14
艾美特干衣机烘干机家用双层静音省电宝宝专用衣服烘衣机HGY902P,259,8
高端干衣机风干机烘干器烘干机高温氧吧杀菌三层方形省电,498,14
电器城干衣机衣服烘干机德尔玛Q7E家用省电静音包邮正品,199,18
奥德尔HF-F14T干衣机智能遥控三层烘衣机负离子杀菌定时烘干机,399,13
天骏TJ-1A-JY干衣机暖风烘干机宝宝专用家用风干机超静音省电,198,15
奥德尔HF-14BT干衣机双层大容量遥控烘衣机1400W极速干衣负离子,299,24
天骏小天使TJ-1A228干衣机双层烘衣机衣服烘干机家用暖风机,208,13
袋鼠妈妈干衣机双层大容量静音烘衣机烘干机宝宝专用包邮方形,139,37
CTT烘干机衣服家用不锈钢滚筒快速烘衣机6KG洗衣店商用干衣机,1799,15
干衣机家用Bear/小熊HGJ-A08A1衣服烘干机烘衣机万能宝宝暖被机,599,4
天骏快速双层干衣机TJ-GYJ900Y家用可折叠烘干机宝宝专用,218,8
志高ZG09G干衣机家用遥控方形双层烘干机宝宝专用静音烘衣机,239,11
1200W大主机大功率干衣机烘干机烘衣机主机包邮,125,11
艾美特烘干机干衣机干衣柜米奇烘衣机暖风机烘干器烘焙机宝宝专用,529,6
艾美特干衣机烘衣机双层大衣服烘干机器静音家用HGY1503宝宝专用,436,4
干衣机家用烘干机Bear/小熊DNQ-208WA烘衣机静音衣服暖风烘被机,599,3
Bear/小熊HGJ-A08A1家用烘干机多功能干衣机抽湿机除湿机暖被机,599,2
飞利浦GC910衣物除菌干衣机家用内衣婴儿衣服消毒器烘干机正品,1698,4
艾美特干衣机HGY1316M家用双层烘干机宝宝衣物烘衣机节能省电静,599,3
【袋鼠妈妈】干衣机烘干机烘衣机900W单主机宝宝专用包邮,85,8
格力烘干机干衣机折叠双层衣柜宝宝专用衣服家用烘衣机NFA-20-WG,316,4
天骏高端干衣机TJ-3A228变频遥控宝宝家用双层烘干机烘衣,498,2
干衣机家用方形双层烘衣机衣服烘干机宝宝专用风干机包邮德贝尔,199,13
邀宇干衣机双层烘干衣机超静音可折叠家用省电宝宝专用除螨杀菌,199,22
志高干衣机ZG09D暖风双层烤烘衣机柜家用静音风干烘干机宝宝专用,199,11
志高烘衣机迷你儿童婴儿小烘干衣机烘干机家用烘衣服机烤衣服静音,79,17
德尔玛家用时尚干衣机烘干机杀菌烘衣机大功率烘鞋双层特价衣架,189,4
奔腾干衣机折叠烘干机家用省电宝宝专用衣服烘衣机,399,1
正品HCAV干衣机家用静音省电烘衣机双层烘干机衣服方形特价包邮,138,10
方形双层干衣机家用静音省电衣服烘干机家用包邮德尔玛R8,238,2
电器城SKG干衣机双层家用大容量烘衣机超静音杀菌除螨衣柜烘干机,399,2
艾美特干衣机HGY1015P家用方形双层烘干机宝宝专用陶瓷暖风机,269,3
限量款干衣机衣服烘干机德尔玛Q7E家用省电静音包邮正品,199,5
电器城先锋HY33PD-9/DQ1351干衣机家用快速烘干机衣服烘衣机,168,4
格力干衣机家用衣服烘干机滚筒烘衣机静音省电2KG宝宝专用GSP20,888,4
高端大容量德尔玛干衣机三层方形家用静音烘干机高温杀菌,398,3
Panasonic/松下NH45-19T4.5公斤干衣机专业杀菌烘干联保,2310,13
【袋鼠妈妈】家用超大功率1200W超快干衣机烘干机烘衣机包邮,275,7
艾美特干衣机HGY1002E家用多种模式静音烘干机宝宝专用烘衣机,339,1
高端干衣机风干机烘干器烘干机高温氧吧杀菌三层方形省电,498,1
TOMONI干衣机烘干机除螨机除湿机烘被机家用取暖器暖被机AFS-9006,299,249
美菱环保干衣机双层烘衣机静音烘干机家用包邮宝宝专用取暖定时,198,13
【30根毛巾架】天骏小天使TJ-1A-JYII干衣机婴儿烘干机烘衣机,248,7
天骏干衣机双层宝宝风干机烘衣机暖静音干衣柜烘干机家用干烘衣器,228,5
飞利浦GC910衣物除菌家用干衣机内衣婴儿衣物消毒柜器烘干,1699,4
奔腾干衣机pw1007烘干机家用方形超静音宝宝专用可折叠正品包邮,399,1
电器城Panasonic/松下NH35-31T干衣机家用滚筒大容量烘衣机静音,2099,4
耀程方形干衣机烘干机家用双层衣服烤小静音衣柜烘衣机天鹅风干机,159,27
荣事达RS-GY10P家用干衣机烘衣机宝宝成人衣服烘干机正品特价包邮,199,2
奔腾干衣机烘干机可折叠衣架杀菌快速烘干宝宝专用PW1007干衣机,299,3
金臣干衣机烘衣机家用静音宝宝专用衣服烘干机圆形单层省电,99,26
天骏干衣机快速双层家用烘干机TJ-1A-JY烘衣机宝宝专业超静音,185,4
格林盈璐GH802万能烘干宝家用多功能烘被机婴儿干衣机烘鞋暖被,598,3
艾美特干衣机HGY1010P宝宝专用米奇老鼠烘衣机双层静音省电烘干机,499,1
奥德尔干衣机家用衣服烘干机双层静音烘衣机智能遥控香薰新品,268,10
奥德尔HF-F7方形双层暖风干衣机家用灭菌烘衣机衣服除湿烘干机,219,12
方形双层干衣机家用静音省电衣服烘干机家用包邮德尔玛R8,238,5
天骏TJ-2A(III)毛巾干衣机发廊烘干机超大容量可干120条毛巾,999,5
天骏干衣机TJ-3A228变频遥控家用双层烘干机高端智能快干烘衣,498,4
天骏高端智能双层干衣机TJ-1A-ZN可折叠宝宝家用衣服烘衣,278,4
天骏SM358烘干机家用双层不锈钢干衣机含UV灯杀菌拒绝霉菌病菌,298,5
高端容量超大干衣机三层方形家用静音烘干机高温杀菌,398,3
正品天骏小天使TJ-211M干衣机家用干衣机烘衣机双层静音,198,6
高端容量最大干衣机三层方形家用静音烘干机高温杀菌,398,2
天骏TJ-2AIII三层干衣机酒店发廊3000W大功率120条毛巾烘干机,999,3
电器城Panasonic/松下NH-2010TU干衣机滚筒烘衣机婴幼儿专用,1698,3
正品天骏小天使TJ-211M干衣机家用衣服烘干机烘衣机静音,178,3
贝尔莱德干衣机FB家用暖风衣服烘干机烘衣机,209,1
【袋鼠妈妈】圆形家用双层干衣机高端易折叠烘衣机烘干机包邮,175,6
双层天骏小天使干衣机TJ-1A228宝宝衣服烘干机家用暖风静音,218,5
奔腾双层干衣机家用静音省电衣服烘干机宝宝专用方形风烘干衣机,298,2
奔腾PG091A婴儿幼儿童衣服烘干机家用宝宝专用干衣机家用正品包邮,259,3
天骏小天使TJ-1A338双层单层干衣机家用烘衣机衣服烘干机,278,1
VEBONKI/威邦卫5kg干衣机家用全自动衣服烘干机滚筒烘衣机风干机,1399,13
烘干机干衣机双层衣服风干机家用包邮静音省电包邮R11,338,2
天骏干衣机1A-JY2衣服烘干机器家用圆形静音暖风干机宝宝专用机,248,2
奔腾PG091A婴儿幼儿童衣物烘干机家用宝宝专用干衣机家用,259,4
哥尔干衣机家用超静音衣服烘干机衣物宝宝专用圆形速干大容量,178,6
【电器城】艾美特干衣机HGY1503衣物双层烘衣机全家衣服烘干机,398,4
天骏TJ-2A2家用干衣机烘干机双层宝宝专用衣服烘干器烘衣机遥控,368,2
康标5KG滚筒干衣机烘干机干衣机衣服烘干机宝宝烘衣机包邮联保,1480,7
SK超级工厂干衣机双层烘衣机衣服烘干机暖风机家用宝宝专用风干机,128,4
【袋鼠妈妈】1200W大主机大功率干衣机烘干机烘衣机主机包邮,125,2
CTT不锈钢滚筒式快速干衣机2.5kg烘干机宝宝家用静音烘衣机特价,999,3
小熊多功能暖被机除螨机干燥机除湿机烘被机烘干机干衣机暖被器,599,2
干衣机家用烘干机双层哥尔GO-9003烘衣机静音暖风衣物衣服风干机,238,3
干衣机家用方形双层烘干机宝宝专用静音烘衣机赶集认证衣服风干机,149,8
益当家干衣机烘衣机方形双层烘干机衣服家用风干机宝宝专用干衣柜,138,10
Panasonic/松下NH-2010TU干衣机家用杀菌迷你烘干机宝宝专用2kg,1499,1
美菱环保MGY-F06干衣机家用双层宝宝衣服烘干暖风机可取暖干衣,198,4
奔腾圆形干衣机家用静音铝合金架暖烘干机定时大容量烘衣干衣机,219,1
康标大容量干衣机家用滚筒式烘衣机快速烘干机商用静音包邮,2680,6
Panasonic/松下NH35-31T干衣机衣服烘干机滚筒式家用烘衣机3.5kg,1818,1
干衣机家用静音德尔玛R12衣服烘干机衣物风干机烘干器升级,398,1
格力干衣机烘干机家用双层衣柜风干机宝宝专用衣服烘衣机NFA-12A,268,1
奔腾干衣机静音定时智能烘衣机恒温护衣节能环保衣物烘干G091A,259,0
康威奇多功能家用干衣机方形双层静音衣服烘干机宝宝专用烘衣机,218,20
日彩家用干衣机双层暖风烘干机宝宝烘衣大容量静音暖衣机干衣机,237,1
美菱雅美娜家用干衣机F003D暖风静音方形宝宝烘衣机杀菌节能省电,127,3
skg14916烘干机双层干衣机家用恒温杀菌快速烘干宝宝专用,329,2
CTT不锈钢滚筒式快速干衣机8KG大容量烘干机宾馆/洗衣房商用特价,2680,3
吉母高端干衣机家用烘干机宝宝烘衣机杀菌除螨圆形衣物烘w5lb46,279,6
德贝尔干衣机烘衣机双层衣服烘干机家用超静音省电宝宝专用可折叠,199,4
金臣单层干衣机家用方形可折叠超静音烘衣机省电宝宝专用,105,9
现货松下专业干衣机NH-2010TU白色家用烘干全国联保2公斤,1999,1
可折叠双层干衣机烘衣服机衣服烘干机宝宝专用超静音省电暖风机,199,1
康威奇KP-90干衣机宝宝专用衣服烘干机多功能家用杀菌烘衣机滚筒,149,7
天骏衣服烘衣机干衣机TJ-SM328双层烘干机衣服家用静音宝宝,268,7
天骏干衣机TJ-238M双层烘干机静音方形烘衣机家用干衣机,248,5
奥德尔家用干衣机宁神香薰衣服烘干机节能高效烘衣机正品HF-F12,238,9
天骏干衣机TJ-1A338家用双层可折叠烘干机宝宝专用衣服烘衣机,268,5
天骏干衣机TJ2A2双层烘干机家用宝宝专用包邮感应烘衣机,378,5
【双层】天骏干衣机TJ-1A338小天使烘衣机家用静音暖风烘干机,248,1
天骏干衣机TJ-1A-JF方形衣服烘衣机烘干机家用暖风机静音,188,2
天骏小天使TJ-1A-ZN(I)干衣机烘干机烘衣服机家用数码定时静音,209,1
【袋鼠妈妈】电脑控制超长定时数码宝宝专业干衣机烘干机包邮,279,2
SK超级工厂干衣机双层暖风家用烘衣机大空间衣服烘干机风干机,158,3
Panasonic/松下干衣机NH45-19T4.5公斤滚筒式烘干机,2058,1
Panasonic/松下烘干机干衣机NH35-31T3.5公斤干衣机全新正品,1828,1
快特电器干衣机烘衣机双层衣服烘干机家用超静音宝宝专用可折叠,228,4
格林盈璐干衣机烘干机烘干器家用烘衣机烘被机正品宝宝专用,598,1
金臣双层干衣机烘衣机家用衣服烘干机家用省电宝宝超静音专用,115,4
家用超大功率1200W超快干衣机烘干机烘衣机包邮,279,1
康标宝宝专用衣服烘干机滚筒式衣物烘衣机干衣机家用包邮静音省电,999,6
哥尔GO-9002干衣机特价烘干机暖风机宝宝烘衣机家用衣服烘干,188,2
麦卓MJ-6212家用干衣机衣服烘干机特制双层超静音家用烘衣机,168,3
康威奇KP-100宝宝专用烘衣机家用干衣机双层滚筒毛巾衣服烘干机,229,3
康威奇KP-120消毒柜理发店发廊美容院毛巾烘干机家用多功能干衣机,399,2
小精宝干衣机衣服烘干机家用静音烘衣机方形CT-5CT-E6,228,1
迷你干衣机可折叠微型烘干衣架家用静音便携式旅行快速干衣器包邮,168,515
德贝尔干衣机烘干机宝宝专用圆形暖风家用烘衣机衣服干衣器风干机,149,15
德贝尔干衣机家用圆形双层静音可折叠烘衣省电烘干机宝宝专用正品,149,19
哥尔干衣机家用超静音衣服烘干机衣物风干器圆形速干大容量,178,16
格力特价格力双层干衣机烘衣机NFA-12A-WG烘干机家用风干机烘干器,299,8
Panasonic/松下NH35-31T干衣机滚筒式家用衣服烘干机烘衣机3.5kg,1560,3
现货电脑定时天骏小天使干衣机TJ-1A-ZN(II)智能烘干机遥控器,238,2
天骏干衣机小天使TJ-210M方形家用干衣机烘衣机宝宝专用双层,199,1
西格玛sigma不锈钢滚筒式家用包邮干衣机烘干机烘衣机全国联保,2599,4
贝尔莱德FBCD超静音杀菌除螨干衣机家用干衣机,248,2
格力干衣机家用烘衣机衣柜NFA-20双层方形宝宝专用烘干机干衣机,299,2
日本TOMONI多功能暖被机烘被机干被机干衣机微电脑高端除湿,369,3
西格玛不锈钢干衣机滚筒式烘干机家用省电消毒干衣机,1999,3
每时乐MSL-968家用干衣机可折叠双层烘衣机超静音宝宝专用烘干机,199,2
韩国Samuco/尚美佳宝宝专用干衣机紫光杀菌消毒迷你衣服烘干机,898,1
好妻子H10-802F方形快速干衣机升级版双层烘干机静音包邮送礼品,219,10
哥尔干衣机特制双层烘衣机方形家用静音大容量衣服烘干机宝宝专用,178,1
志高双层干衣机ZG09D烘干机烘衣机超静音家用高温杀菌包邮,149,261
志高干衣机ZG09X迷你烘衣机烘干机家用烘衣服机烤衣服静音,79,27
格力干衣机NFA-12A衣服烘干机家用包邮静音省电正品可折叠,256,33
艾美特干衣机方形衣服衣柜烘干机家用宝宝专用烘衣机双层HGY1009P,279,16
艾美特干衣机烘干机宝宝专用家用烘衣机家用静音HGY902P双层方型,259,8
SKG14893家用双层干衣机烘干机省电杀菌超静音宝宝专用烘衣机,399,19
天骏干衣机烘衣机静音TJ-1A-JY(II）双层衣服烘干机家用尿布衣服,228,8
全国包邮TOMONI暖被机烘干机干衣除螨防潮AFS-W9006出口台湾,279,126
天骏干衣机家用静音省电衣服烘干机宝宝专用双层方形烘衣机干衣柜,358,7
格力干衣机烘干机家用双层衣柜风干机宝宝专用衣服烘衣机NFA-12A,268,2
Bear/小熊HGJ-A08A1宝宝衣服烘干机家用干衣机杀菌除螨迷你小型,599,5
Haier/海尔GDZA5-61滚筒排气式干衣机,1438,2
Panasonic/松下NH45-19T干衣机家用滚筒大容量烘衣机烘干机包邮,2299,4
干衣机家用静音德尔玛R8衣服烘干机衣物风干机烘干器包邮,199,4
天骏TJ-1A-ZNY干衣机双层烘干机家用静音宝宝专用衣服烘干机,248,2
圆形干衣机30根毛巾架天骏干衣机TJ-1A-JYⅡ烘衣机烘干机,248,3
【加长加宽】天骏小天使家用双层干衣机TJ-1A-JF(II)烘衣机包邮,328,3
天骏TJ-210M双层干衣机衣服烘干机暖风烘衣机静音家用款,208,2
天骏小天使干衣机烘干机TJ-1A-JY(II)双层干衣机配30根毛巾架,328,1
西格玛sigma不锈钢滚筒式家用包邮干衣机烘干机烘衣机,1780,3
西格玛sigma不锈钢滚筒式干衣机家商用烘衣机烘干机全国联保,4880,2
志高干衣机ZG09G烘衣机家用遥控方形双层烘干机超静音杀菌,229,14
高端格力干衣机家用静音NFA-20干机烘衣机暖衣柜可折叠省电包邮,298,4
艾美特干衣机HGY907P超静音烘衣机家用宝宝衣服烘干机正品特价,279,4
飞利浦家用宝宝烘干机除菌机婴儿大人衣物衣服专用干衣机GC920,1999,1
艾美特HGY1503干衣机烘干机宝宝专用烘衣机家用双层静音可折叠,399,3
天骏TJ-210M双层干衣机衣服烘干机家用暖风烘衣机简易便携干衣机,189,2
小熊暖被机干衣机家用宝宝专用暖风机多功能烘干机节能DNQ-208WA,499,2
奥德尔HF-10B单双层两用干衣机方形家用衣服烘干烘衣机加长加宽,199,1
德尔玛R10干衣机家用静音衣服烘干机衣物风干机烘干器升级,278,1
韩国Samuco/尚美佳家用烘干机宝宝专用静音省电紫光杀菌干衣机,898,1
迈向干衣机家用小宝宝天鹅衣服物干衣柜烘衣机烘干器风干机烘干机,169,2
格力小太阳干衣机GSP20大容量烘干静音稳定正品特价包邮,980,2
尚动干衣机家用方形双层烘干机宝宝专用烘衣机静音烘干机b409e,198,3
天骏TJ-1A-JF(II)双层干衣机家用小天使烘衣机方形加长加宽,288,1
美菱雅美娜干衣机静音家用烘干机双层风干器烘衣柜大容量干燥机,198,0
天骏小天使干衣机TJ-2A(II)变频带遥控双层静音烘干机快干王,378,2
天骏干衣机TJ-1A-ZNF双层烘干机家用静音宝宝专用烘衣机包邮,248,3
天骏TJ-SM380遥控烘干机家用双层干衣机静音UV杀菌宝宝包邮,368,2
Littleswan/小天鹅TH60-Z0206kg公斤滚筒干衣机家用烘衣烘干机,1298,18
SIEMENS/西门子WD12G4C01W8公斤洗衣干衣机立体烘干全自动滚筒,5599,16
格力干衣机烘衣机双层NFA-20-WG家用衣柜式烘干器可折叠暖风机,318,7
SIEMENS/西门子WD12G4C01W8公斤洗衣干衣机立体烘干全自动滚筒,5600,5
SIEMENS/西门子XQG80-WD12G4681W8公斤洗衣干衣机立体烘干滚筒,6990,4
IRIS/爱丽思防晒干衣机暖被机烘鞋器烘干机烘衣机家用干燥除湿机,368,4
CTT干衣机专用干衣机挂墙组件4kg6kg干衣机专用,20,4
Midea/美的MH60-Z0036公斤衣服烘干机除螨滚筒式干衣机家用,998,106
干衣机滚筒式烘干机家用静音Littleswan/小天鹅TH60-Z020,1498,1
西格玛干衣机专用进风口过滤棉,3,5
欧井OJ161E除湿机家用静音抽湿吸湿器干衣地下室净化去潮干燥净化,699,3856
Littleswan/小天鹅TH60-Z020欧式6公斤/kg智能家用干衣机烘干机,1098,56
欧井WIFI除湿机OJ162E除湿机家用静音抽湿吸湿器抽湿机地下室干衣,899,262
美菱除湿机抽湿机家用静音大功率地下室除湿器抽湿吸湿干燥机干衣,1160,358
SIEMENS/西门子XQG80-WD12G4601W变频洗干一体干衣机8kg洗衣机,5790,100
飞利浦官方旗舰店高效智能干衣自动除霜除湿机DE4201正品包邮,1998,23
新品巨献欧井OJ162E除湿机家用静音抽湿吸湿干衣干燥机净化空气,899,134
美菱除湿机家用抽湿机静音吸湿器地下室除湿器干衣净化吸湿MD-01,278,46
格力TOSOT除湿机除湿器DH20EB升级版DH20EH家用静音干衣抽湿机,1818,16
夏普除湿机家用空气净化器消毒DW-CE15F-W干衣抽湿机吸湿比宜盾普,2499,96
艾美特浴室暖风机防水HP20004家用取暖器节能省电居浴两用干衣机,229,15
艾美特除湿机DM2006家用抽湿机静音除湿器地下室吸湿机可干衣,1999,10
美菱家用除湿机抽湿机静音吸湿抽湿器地下室干燥机干衣净化MD-16E,658,35
Delonghi/德龙DEC100德龙除湿机家用抽湿机抽湿器地下室静音干衣,1480,76
Midea/美的CF10BD/N3-DG除湿机抽湿机家用干衣吸湿车库地下室静音,1480,21
Midea/美的CF9BD/N3-T1除湿机抽湿机家用干衣吸湿车库地下室静音,899,31
东信DX-826D除湿机家用静音除湿器地下室抽湿器净化干衣防潮抽湿,888,67
【拍下有惊喜】欧井OJ161E除湿机家用静音抽湿器干衣地下室净化,699,13
美菱大功率除湿机家用静音地下室除湿器去湿抽湿吸湿机净化干衣28,1160,10
艾美特除湿机家用静音抽湿吸湿器干衣地下室空气净化,1499,7
TCL除湿机抽湿机家用除湿器静音地下室吸湿器干衣机DES12升DEC18,1299,179
TCL家用除湿机静音抽湿干衣防潮防霉净化抽湿器DES14E包邮,1399,15
松京DH01-T家用除湿机除湿器抽湿机地下室静音抽湿梅雨天干衣,1080,12
Delonghi/德龙DDSE25除湿机家用地下室抽湿机吸湿器干衣除湿,3680,12
新典除湿机家用静音抽湿器地下室净化吸湿器小型干衣干燥机,699,121
松岛除湿机抽湿机静音干衣干燥机抽湿器去湿器SD-268正品7bFcfNAd,1158,97
夏普除湿机家用净化DW-D20HZ-W静音干衣别墅抽湿机吸湿器比宜盾普,2499,24
松岛抽湿机家用除湿机静音除湿器抽湿器地下室梅雨天干衣杀菌净化,688,95
现货（触摸屏）欧井OJ162E除湿机家用静音抽湿吸湿器抽湿干衣净化,798,187
夏普除湿机家用CFJ-15SW抽湿器/除湿器空气净化干衣脱臭防霉,2099,15
欧井OJ202E除湿机家用静音抽湿机除湿器客厅吸湿干衣净化,988,6
夏普除湿机家用空气净化一体机静音DW-CE15F-W干衣抽湿器干燥机,2499,30
湿腾ST-826BE家用除湿机地下室抽湿机静音抽湿器除湿器干衣净化,1880,11
SIEMENS/西门子XQG80-WD12G4681W8KG滚筒洗干衣机带烘干全自动,6390,5
Bosch/博世XQG75-WVH284601W滚筒洗衣机干衣机洗干烘干机,5998,19
东信DX-820D除湿机家用静音抽湿地下室抽湿器吸湿器干衣除湿器,799,206
美菱除湿机抽湿机家用商用抽湿器别墅仓库地下室抽湿器干衣MD-65E,2999,3
松京家用抽湿机除湿机除湿器地下室静音抽湿回南天干衣,988,10
松京家用抽湿机除湿机除湿器静音抽湿地下室回南天干衣杀菌净化,799,4
新典除湿机家用抽湿机净化除湿器卧室房间静音吸湿器干衣机干燥机,799,8
欧井OJ161E除湿机家用抽湿机除湿器静音干衣地下室吸湿器净化空气,688,559
欧井OJ582E除湿机家用干衣静音抽湿机地下室除湿器吸湿机仓库除潮,1980,8
欧井OJ202E家用除湿机静音抽湿机除湿客厅卧室房除湿干衣,988,69
松京DH02除湿机家用抽湿除湿器静音地下室干衣杀菌净化梅雨天,799,2628
TCL除湿机家用静音除湿器吸湿器干衣净化地下室抽湿机干燥DES16E,1699,41
日本森田多功能干衣机暖被机干被机烘被机除螨杀菌烘干机器仪家用,548,35
百奥HD161A家用除湿机静音吸湿器除湿器抽湿机干衣器空气净化器特,658,123
百奥HD165A家用除湿机静音抽湿器地下室除湿器室内除湿机干衣机,699,268
格力电暖器大松节省电家用取暖器暖风机干衣机冷暖风台式电风扇,238,25
德业除湿机家用干衣机抽湿机客厅抽湿器地下室除湿器DYD-F20A3,1588,40
德业除湿机家用抽湿器静音地下室除湿器干衣吸湿抽湿机DYD-E12A3,899,35
德业除湿机家用静音抽湿机卧室除湿器干衣抽湿器DYD-N20A3,1688,15
贝菱BL-860D除湿机家用抽湿机静音除湿器地下室吸湿机干衣除湿,2480,76
百奥除湿机HD161A抽湿机除湿器干燥机家用静音干衣地下室防潮霉,628,98
百奥除湿机家用YDA-826E除湿器抽湿机静音抽湿器地下室吸湿干衣,1080,23
艾美特取暖器家用电暖器电热油汀电暖气节能省电干衣机13片静音,429,4
TER顺丰包邮除湿机家用静音抽湿器仓库吸湿器干燥机地下室干衣机,599,28
百奥HD161A家用除湿机静音抽湿器地下室除湿器室内除湿机干衣机,658,24
小艾CF20DA1除湿机家用静音抽湿吸湿器干衣地下室除湿器去湿机,288,13
安仕大功率地下室除湿机抽湿机除湿器干燥机吸湿家用静音干衣620E,658,41
SIEMENS/西门子XQG80-WD12G4601W变频洗干一体干衣机8kg洗衣机,5699,16
艾美特除湿机家用静音抽湿器吸湿器干衣地下室吸湿空气净化分期购,1999,4
活仕除湿机10BD升级版WDF11DE家用卧室地下室抽湿机吸湿器带干衣,1399,16
TCL家用除湿器静音抽湿机湿度控制杀菌净化干衣防潮防霉DES16E,1699,9
众有DH-616A家用小型除湿机静音车库地下室空气吸湿器干衣防霉,780,32
志高ZDS20-201除湿机家用抽湿机静音除湿器地下室吸湿机干衣除湿,1599,1
吉母挂烫机高端家用衣服熨烫机蒸汽熨斗烘熨合双杆挂式熨烫干衣机,399,93
百奥除湿机家用静音抽湿器地下室除湿器干衣吸湿抽湿机YDA-828E,1388,8
TCLDES14家用除湿器静音抽湿机干衣地下室吸湿器杀菌防霉净化,1299,3
Bosch/博世XQG75-WVH284601W滚筒洗衣机干衣机洗衣干衣一体机,6299,5
众有DH-822B除湿机家用静音抽湿吸湿器干衣地下室空气净化大功率,1199,28
TCL除湿机抽湿机家用除湿器静音地下室吸湿器机干衣干燥机器DES14,1399,2
SIEMENS/西门子XQG80-WD12G4601W变频烘干一体干衣机8kg洗衣机,5699,3
欧井OJ400E除湿机家用地下室抽湿器静音抽湿机吸湿干衣净化工业,1880,3
CTT干衣机专用出风口排气管可伸缩软管干衣机配件,30,21
东信DX-26A除湿机家用静音抽湿机地下室吸湿抽湿器除湿器干衣,899,17
TCL全智能液晶除湿机家用静音抽湿机干衣杀菌干燥机DES12E,1399,2
SIEMENS/西门子WT46B200TI家用滚筒干衣机烘干机原装进口,6299,4
Bear/小熊CSJ-A02G1抽湿机家用静音除湿机干衣机净化,799,2
morita/森田日本暖被机配套多功能衣架万能衣架干衣袋衣物干燥袋,88,7
夏普除湿机家用空气净化器静音DW-CE15F-W除菌干衣抽湿器干燥机,2499,8
意大利Delonghi/德龙DNC65超静音家用除湿抽湿机地下室干衣除湿,2990,2
夏普除湿机DW-D20HZ-W抽湿机器去湿防潮干衣家用有15SW,2499,4
格力大松除湿机干衣静音地下室除湿机家用静音抽湿器吸湿机DH40EH,2480,10
HYUNDAI/现代T65-2886.5KG单筒脱水机甩干机漂洗机干衣机,228,8
松京家用抽湿机除湿机干燥机杀菌抽湿吸湿地下室回南天干衣,1080,4
TOSOT/大松格力干衣地下室除湿机家用静音抽湿器吸湿机DH20EC,1880,3
贝菱BL-819D除湿机家用抽湿机静音除湿器地下室吸湿机干衣除湿,1580,36
欧井OJ161E除湿机家用吸抽湿器静音干衣地下室干燥机回南天除湿器,799,1
欧井OJ161E除湿机家用静音抽湿吸湿器干衣地下室净化空气干燥机,699,5
TERT-CS12A除湿机家用静音抽湿地下室抽湿器祛湿干衣机干燥,659,4
Bosch/博世XQG80-WDG244601W家用全自动滚筒洗衣机干衣机一体机,5199,3
欧井OJ582E除湿机家用干衣静音抽湿机地下室除湿器吸湿机仓库除潮,1980,1
松京抽湿机家用除湿机除湿器抽湿器干燥机地下室干衣静音大功率,799,5
SIEMENS/西门子WD14H368TI立体烘干洗衣干衣机滚筒全自动,5990,1
百奥除湿机家用抽湿器静音地下室除湿器干衣吸湿抽湿机HD-165A,688,13
百奥YDA-828E除湿机家用抽湿机静音除湿器地下室吸湿机干衣除湿,1388,22
TCLDES12除湿机家用静音抽湿器干衣机防潮杀菌空气净化免邮,999,3
【云智能】欧井OJ209E除湿机家用静音除湿器干衣净化回南天WIFI,1780,3
百奥除湿机HD381A家用抽湿机静音除湿器地下室吸燥机干衣防潮,1688,6
浦力适空气净化器空净除湿机干衣一体机家用除甲醛除湿哆哆,3488,4
TER迷你除湿机家用衣柜除湿器抽湿机净化器档案室抽湿干衣机,199,5
DOROSIN除湿机家用抽湿机静音除湿器地下室抽湿器干燥机干衣包邮,599,2
LEXY/莱克DH3011家用地下室除湿机抽湿机除湿器吸湿杀菌干衣正品,2699,2
多乐信新款除湿机多乐信家用静音抽湿器干衣净化别墅地下室抽湿机,2060,2
Panasonic/松下家用滚筒干衣机专用支架NG-2商城正品壁挂式,228,4
松京DH01家用抽湿机除湿机除湿器静音抽湿地下室回南天干衣,988,5
2015款夏普除湿机/抽湿机/净离子功能/20升/DW-D20HZ-W干衣抑菌,2450,1
格力TOSOT除湿机除湿器DH20EB升级版DH20EH抽湿器家用静音干衣,1980,6
百奥除湿机HD201A家用静音抽湿去湿器干燥器干衣客厅卧室吸湿包邮,898,1
格力大松除湿机干衣静音地下室除湿机家用静音抽湿器吸湿机DH40EF,2680,4
百奥除湿机家用抽湿器静音地下室除湿器干衣吸湿抽湿机HD165A,678,2
夏普除湿机家用空气净化器静音DW-CE15F-W除菌干衣抽湿器干燥机,2499,2
百奥除湿机家用静音抽湿器地下室除湿器干衣吸湿抽湿机HD381A,1780,10
好太太干衣机GW-001,369,2
美菱环保除湿机家用静音抽湿机地下室仓库除湿抽湿器吸湿器干衣,998,3
安仕空气除湿机抽湿机家用地下室抽湿器干燥机静音净化干衣305M,278,3
Panasonic/松下家用滚筒干衣机专用支架NG-1商城正品,328,3
益当家干衣机主机烘干机暖风机风干机主机质量问题一年换新机特价,98,2
TERT-CS008B迷你除湿机家用静音除湿机抽湿机抽湿器包邮干衣机,199,1
欧井家用WIFI除湿机OJ162E除湿机静音抽湿吸湿器抽湿机地下室干衣,899,0
升级版JHS抽湿机家用除湿机除湿器吸湿机抽湿器地下室干衣静音,799,3
CTT滚筒式干衣机专用移动辅助轮辅助万向轮,42,2
包邮TER除湿机家用静音抽湿器地下室除湿干燥机除湿器干衣,599,3
CTT干衣机专用4公斤/6公斤专用出风口过滤网,30,4
仟井除湿机TH-12CSH家用抽湿机净化除湿器静音吸湿器干衣机干燥机,1498,5
仟岛除湿机BD-826B家用除湿器静音除湿机房间快速去湿干衣除湿,2688,4
澳普瑞DH-828ET家用干衣除湿机除湿器抽湿器地下室静音大功率,986,3
安仕家用除湿机抽湿器大功率地下室除湿器抽湿机去湿干衣净化620E,658,4
升井除湿机家用卧室静音客厅地下室抽湿吸湿干衣空气净化器SJ231,638,4
ALPICAIR艾凯除湿机抽湿机家用静音除湿器抽湿器快速干衣防潮,1399,2
康标滚筒干衣机专用出风口过滤棉,12,4
欧森ELkankyo转轮除湿机家用除湿器抽湿机静音干衣定向除湿,2180,1
袋鼠妈妈干衣机配件布套牛津布套防雨布套,40,2
升井除湿机家用卧室静音客厅地下室抽湿吸湿干衣空气净化器SJ281,1180,2
原装TOMONI暖被机/衣服烘干机/暖被器/家用型干衣袋,69.9,109
Haier/海尔GDZA5-61滚筒烘干机壁挂式/落地5公斤干衣机,1580,0
TOMONI干衣柜暖被机/干衣机/除螨机配件,98,71
德业除湿机家用静音抽湿机卧室除湿器干衣抽湿器DYD-N20A3,1688,18
美菱环保雅美娜除湿器抽湿机工业仓库地下室家用智能干衣吸湿机,1080,6
Panasonic松下F-YCJ10C家用除湿机10升强效干衣自动连续抽湿机,2298,2
川井除湿机家用除湿器DH-252B抽湿器干衣大功率干燥机静音地下室,1080,4
SIEMENS/西门子WD12G4C01W或WD12G4601W洗衣烘干一体干衣机,5799,2
抽湿除湿机JHS28升家用地下室仓库工厂大面积抽湿除湿器干衣干燥,988,24
JHS除湿机家用抽湿器小型静音抽湿机吸湿器干衣除湿器特价D001B,688,3
JHS抽湿除湿机家用静音除湿器地下室抽湿器干衣金鸿盛仓库干燥机,978,2
美菱雅美娜家用除湿机静音大功率除湿器抽湿机吸湿干衣机抽湿器,668,4
百奥除湿机家用除湿器抽湿机静音抽湿器地下室吸湿器干衣器,1288,9
百奥PD160除湿机家用静音抽湿吸湿器干衣地下室空气净化天猫分期,980,2
多乐信DR-260除湿机家用抽湿机静音除湿器地下室吸湿机干衣除湿,988,1
TER工业除湿机大功率抽湿机静音除湿器地下室抽湿器干衣机,899,2
百奥除湿机PD220A家用静音抽湿机除湿器抽湿器干衣防潮干燥正品,1180,2
TOMONI暖被机干衣配件八角架晾衣架,20,27
西格玛干衣机烘干机烘衣机专用出风口排气管可伸缩软管配件,29,6
欧井除湿机OJ-152E家用抽湿机器卧室客厅书房静音去潮吸湿干衣,699,1
多乐信ER-1635除湿机家用抽湿机静音除湿器地下室吸湿机干衣除湿,1380,1822
Midea/美的MH60-Z0036公斤欧式智能家用滚筒式干衣机衣干即停,998,23
TCL除湿机DH400P家用静音抽湿机干衣机大功率抽湿器地下室除湿器,2380,16
新款除湿机多乐信家用静音抽湿器干衣净化别墅地下室抽湿机,2160,28
SIEMENS/西门子WT46B200TI干衣机空气冷凝烘干机家用静音特价,6288,3
多乐信ER-1635除湿机家用抽湿机静音除湿器地下室吸湿机干衣除湿,1380,7
升级版JHS抽湿机家用除湿机除湿器吸湿机抽湿器地下室干衣静音,768,102
宜盾普空气净化器空净除湿机干衣一体机家用除甲醛除湿哆哆,3488,124
TOMONI暖被机专用烘干机衣物干燥袋干衣袋干衣罩,48,18
[分期0元购]Midea/美的MH60-Z003欧式6公斤滚筒式干衣机烘干机,1298,3
亚都新款除湿机C121B家用抽湿机静音除湿器地下室吸湿机干衣除湿,1370,1
Midea/美的MH60-Z0036公斤欧式智能家用滚筒式干衣机衣干即停,1298,3
扬子除湿机家用抽湿机静音地下室大功率抽湿器除湿器吸潮器干衣,798,10
小艾CF20DA1除湿机家用抽湿机地下室吸潮湿机干衣净化静音除湿器,288,8
授冠者FSC2-380不锈钢干衣消毒柜立式衣服烘干机家用暖风烘衣机,1299,3
湿腾除湿机家用静音抽湿吸湿器干衣地下室净化空气天猫分期,2380,5
Midea/美的MH60-Z0036公斤热烘干机除螨滚筒式干衣机衣服家用,1298,1
Midea/美的MH60-Z0036公斤智能干衣机/烘干机官方正品,1298,2
扬子除湿机家用除湿器静音地下室抽湿器吸湿器干衣机净化空气,999,3
仟井除湿机家用TH-25CSH负离子遥控抽湿器干衣地下室抽湿机,2499,4
TOMONI干衣机暖被机专用干衣棚干衣罩干衣柜脏物篮出口品质,98,2
eosin/永生T50-78脱水机塑料桶大容量甩干桶干衣机进水漂脱甩干,184,3
湿腾除湿机家用抽湿机静音除湿器地下室吸湿机干衣除湿ST-825C,1380,4
eosin/永生T50-878脱水机不锈钢桶大容量甩干桶干衣机进水漂脱,198,3
百奥除湿机家用HD261A地下室抽湿机除湿器静音吸湿器干衣抽湿器,958,4
CTT滚筒干衣机专用出风口过滤棉,5,23
CTT滚筒干衣机专用进风口过滤棉,3,20
格米德干衣机毛巾架,10,10
【袋鼠妈妈】干衣机万向滑轮单个价格,4,2
干衣机配件铝合金粗管细管拍的时候留言注明,8,1
西格玛滚筒干衣机专用出风口过滤棉,5,9
活仕家用净化型干衣除湿机静音抽湿机WDF38BD全国联保,3680,0
美菱环保除湿机除湿器抽湿器家用商用仓库地下室大功率净化干衣,1060,3
SIEMENS/西门子XQG80-WD12G4681W变频洗干一体8kg干衣滚筒洗衣机,6979,92
Philips/飞利浦毛球修剪器GC026衣服脱毛器去球机剃毛球干电,59,46
飞利浦毛球修剪器GC026衣服脱毛器去球机剃毛球干电池式正品特价,58,40
飞利浦毛球修剪器GC026衣服脱毛器去球机剃毛球干电池式正品特价,59,16
Mr.Bond邦先生烘干杀菌电动晾衣架静音自动升降晾衣机智能遥控,2199,23
Mr.Bond邦先生烘干杀菌电动晾衣架双杆自动升降晾衣机智能遥控,2199,6
Canbo/康宝ZTP10A-1婴儿衣物内衣消毒柜迷你家用内衣洗衣机烘干,699,19
居适捷阳台智能遥控电动晾衣架烘干杀菌消毒自动升降伸缩晒衣机,2180,51
SIEMENS/西门子XQG75-WD14H4601W滚筒洗衣机全自动带烘干干衣,6550,21
好美特挂烫机熨斗家用双杆手持蒸汽烫衣服正品干烫全功能一体包邮,998,81
SIEMENS/西门子XQG80-WD12G4681W变频洗干一体8kg干衣滚筒洗衣机,6399,7
百奥除湿机家用地下室吸湿去湿抽湿机器干燥机烘干衣防潮HD165A,689,4
多乐信AR-300除湿机家用抽湿机静音除湿器地下室吸湿机干衣除湿,1280,2
TOMONI暖被机专用原厂配件增大型气垫干衣垫正品AFS-KT,70,3
TOMONI暖被机专用干衣机配件简易储物干衣柜AFS-BG,98,6
金贵夫人热风烘干电动升降晾衣架阳台自动晾衣机智能遥控晒衣架,2399,6
雷瓦干电池式剃毛器毛球修剪器衣服去球器剃毛机吸打毛器除脱毛器,29,5
飞利浦毛球修剪器GC026衣服脱毛器去球机剃毛球干电池款联保正品,63,0
樱之花吸湿剂干燥剂260g*6相机衣柜防潮除湿防霉干燥包邮,44.1,289
天使之翼自动晾衣架智能遥控电动升降阳台晾衣机LED烘干消毒,2388,2
润家除湿盒活性炭除湿剂吸湿剂干相机衣柜防霉防潮干燥剂房间室内,6.99,2
TOMONI暖被机干衣机专用防风型不锈钢折叠八角衣架衣撑衣挂16夹,20,3
