name,price,number,shop,url
艾美特干衣机烘衣机静音宝宝专用双层衣服烘干机家用风干器干衣柜,279.00,1177,艾美特国煌专卖店,http://detail.tmall.com/item.htm?id=36438271772&ns=1&abbucket=5,
天骏干衣机TJ-211M-2双层烘衣机超静音衣柜烘干机家用宝宝专用,179.00,2092,天骏哥登专卖店,http://detail.tmall.com/item.htm?id=36875767374&ns=1&abbucket=5,
Panasonic/松下NH45-19T烘衣机干衣机滚筒式宝宝烘干机家用4.5kg,1998.00,136,成都金松电器专营店,http://detail.tmall.com/item.htm?id=35763914583&ns=1&abbucket=5,
艾美特干衣机家用烘衣机静音省电宝宝专用衣服烘干机双层风干衣柜,269.00,100,艾美特电器旗舰店,http://detail.tmall.com/item.htm?id=18076863223&ns=1&abbucket=5,
艾美特干衣机双层衣柜烘干机家用烘衣机HGY908P静音可折叠风干机,299.00,96,艾美特鹤明专卖店,http://detail.tmall.com/item.htm?id=44227841784&ns=1&abbucket=5,
艾美特烘衣机干衣机衣服烘干机婴儿宝宝专用静音双层烤衣机干衣柜,259.00,117,艾美特国煌专卖店,http://detail.tmall.com/item.htm?id=36438459520&ns=1&abbucket=5,
奥德尔10B干衣机家用方形衣服烘干机静音双层暖风烘衣机特价,179.00,503,奥德尔旗舰店,http://detail.tmall.com/item.htm?id=19464408882&ns=1&abbucket=5,
志高干衣机双层烘衣机超静音烘干机家用省电宝宝专用包邮,159.00,1308,志高帝赐尔专卖店,http://detail.tmall.com/item.htm?id=41135920129&ns=1&abbucket=5,
艾美特干衣机HGY902P衣服烘干机宝宝专用静音烘干器双层衣物除湿,259.00,63,路德电器专营店,http://detail.tmall.com/item.htm?id=42639334854&ns=1&abbucket=5,
天骏干衣机烘干机家用宝宝儿童圆形双层衣服烘衣机静音暖风速干器,176.00,236,天骏三川西格玛专卖店,http://detail.tmall.com/item.htm?id=40967366001&ns=1&abbucket=5,
天骏干衣机TJ-238M双层烘干机家用静音衣服烘衣机包邮店长推荐,199.00,315,天骏旗舰店,http://detail.tmall.com/item.htm?id=16127850414&ns=1&abbucket=5,
【雨季必备】干衣机烘干机家用静音可折叠德尔玛双层大容量家用,99.00,995,德尔玛旗舰店,http://detail.tmall.com/item.htm?id=43962063955&ns=1&abbucket=5,
绿菱干衣机家用方形三层烘干机宝宝专用超静音烘衣机特价包邮,119.00,1797,绿菱旗舰店,http://detail.tmall.com/item.htm?id=41245961487&ns=1&abbucket=5,
志高烘衣机儿童迷你小型烘干衣机烘干机家用烘衣服机烤衣服静音,79.00,405,志高帝赐尔专卖店,http://detail.tmall.com/item.htm?id=42257702199&ns=1&abbucket=5,
德尔玛干衣机家用双层烘干机省电宝宝专用超静音烘衣风干器柜,99.00,110,德尔玛旗舰店,http://detail.tmall.com/item.htm?id=41646024208&ns=1&abbucket=5,
格力干衣机烘干机家用双层衣柜风干机宝宝专用衣服烘衣机NFA-12A,256.00,36,格力威铭专卖店,http://detail.tmall.com/item.htm?id=35104703261&ns=1&abbucket=5,
先锋干衣机烘衣机可折叠双层方型家用超静音宝宝专用风干机烘干器,148.00,51,先锋欧楠专卖店,http://detail.tmall.com/item.htm?id=35300034085&ns=1&abbucket=5,
【现货】德尔玛双层干衣机家用烘干机宝宝专用超静音烘衣机,99.00,38,deerma德尔玛禾米专卖店,http://detail.tmall.com/item.htm?id=43951698899&ns=1&abbucket=5,
艾美特干衣机宝宝专用衣物烘干机家用静音烘衣机蓝色经典款,268.00,84,尔奇电器专营店,http://detail.tmall.com/item.htm?id=13416528158&ns=1&abbucket=5,
艾美特干衣机家用静音烘干机家用方形双层衣服烘干机宝宝专用,249.00,20,艾美特华安专卖店,http://detail.tmall.com/item.htm?id=16628365633&ns=1&abbucket=5,
贝尔莱德干衣机FB家用暖风衣服烘干机烘衣机超静音宝宝专用,208.00,55,贝尔莱德官方旗舰,http://detail.tmall.com/item.htm?id=12498402821&ns=1&abbucket=5,
奔腾干衣机PG092A家用烘衣机烘衣服机婴儿尿布烘干机烘干衣机柜,229.00,69,晶复电器专营店,http://detail.tmall.com/item.htm?id=41784729822&ns=1&abbucket=5,
先锋干衣机烘干机婴儿宝宝专用静音衣服烘干器烤衣双层烘衣机,149.00,46,先锋电器官方旗舰店,http://detail.tmall.com/item.htm?id=35299363455&ns=1&abbucket=5,
格力干衣机烘衣机家用静音双层衣柜衣服烘干机宝宝专用风干机,318.00,10,格力威铭专卖店,http://detail.tmall.com/item.htm?id=35113718382&ns=1&abbucket=5,
干衣机家用静音德尔玛R10衣服烘干机衣物风干机烘干器升级,298.00,16,德尔玛飞鱼专卖店,http://detail.tmall.com/item.htm?id=35019274972&ns=1&abbucket=5,
飞利浦家庭衣物除菌机烘干衣机家用婴儿衣服内衣消毒机GC920静音,1999.00,11,飞利浦润氏专卖店,http://detail.tmall.com/item.htm?id=45441107337&ns=1&abbucket=5,
艾美特干衣机HGY1015P家用方形双层烘干机宝宝专用静音干衣柜,259.00,22,艾美特鸿达专卖店,http://detail.tmall.com/item.htm?id=43566092098&ns=1&abbucket=5,
Haier/海尔烘干机GDZA5-61滚筒烘干机壁挂式干衣机全国联保,1439.00,30,haier水漫庭专卖店,http://detail.tmall.com/item.htm?id=43147830476&ns=1&abbucket=5,
SKG4305干衣机家用衣柜烘干机宝宝专用静音省电烘衣机干衣机,329.00,33,skg我买网专卖店,http://detail.tmall.com/item.htm?id=36124221227&ns=1&abbucket=5,
天骏TJ-SM358干衣机家用双层烘干机紫外线杀菌除螨宝宝静音,289.00,67,天骏哥登专卖店,http://detail.tmall.com/item.htm?id=43743812501&ns=1&abbucket=5,
奥德尔HF-F14大容量干衣机家用烘衣机宝宝专用静音衣服烘干机,368.00,42,奥德尔旗舰店,http://detail.tmall.com/item.htm?id=14182080133&ns=1&abbucket=5,
飞利浦GC920衣物除菌家用干衣机婴儿衣服内衣消毒柜烘干,1999.00,30,飞利浦鼎豪专卖店,http://detail.tmall.com/item.htm?id=43536395459&ns=1&abbucket=5,
艾美特干衣机HGY1009P家用宝宝专用烘衣机双层衣服烘干机静音省电,299.00,18,艾美特鹤明专卖店,http://detail.tmall.com/item.htm?id=44611500376&ns=1&abbucket=5,
CTT烘干机家用不锈钢滚筒式4kg烘干机宝宝专用烘衣机衣服干衣机,1399.00,109,ctt电器旗舰店,http://detail.tmall.com/item.htm?id=15983547897&ns=1&abbucket=5,
Bear/小熊HGJ-A08A1家用烘干机多功能干衣机抽湿机除湿机暖被机,599.00,7,小熊电器官方旗舰店,http://detail.tmall.com/item.htm?id=45490342991&ns=1&abbucket=5,
志高烘衣机ZG09X迷你烘干衣机烘干机家用烘衣服机烤衣服静音,129.00,13,赵记电器专营店,http://detail.tmall.com/item.htm?id=42290525360&ns=1&abbucket=5,
艾美特干衣机烘衣机双层大衣服烘干机器静音家用HGY1009P宝宝专用,279.00,15,艾美特鑫三荣专卖店,http://detail.tmall.com/item.htm?id=16151657126&ns=1&abbucket=5,
艾美特干衣机HGY1002E家用烘干机宝宝专用衣服烘衣机静音节能,289.00,14,艾美特鑫三荣专卖店,http://detail.tmall.com/item.htm?id=19475500669&ns=1&abbucket=5,
志高烘衣机儿童迷你小型烘干衣机烘干机家用烘衣服机烤衣服静音,79.00,17,志高赵记专卖店,http://detail.tmall.com/item.htm?id=43891915603&ns=1&abbucket=5,
天骏烘衣机干衣机TJ-SM328双层不锈钢烘干机家用宝宝专用静音包邮,268.00,25,天骏旗舰店,http://detail.tmall.com/item.htm?id=41653203414&ns=1&abbucket=5,
Panasonic/松下NH35-31T干衣机衣服烘干机滚筒式家用烘衣机3.5kg,1838.00,32,成都金松电器专营店,http://detail.tmall.com/item.htm?id=35763902549&ns=1&abbucket=5,
德尔玛干衣机R9双层衣物烘干机家用杀菌快速烘干急速发货,99.00,15,德尔玛飞鱼专卖店,http://detail.tmall.com/item.htm?id=42195153832&ns=1&abbucket=5,
先锋干衣机家用DQ1351衣服烘衣机节能省电高效杀菌快速烘干机,149.00,12,先锋电器官方旗舰店,http://detail.tmall.com/item.htm?id=35246546984&ns=1&abbucket=5,
天骏TJ-1A-JY干衣机烘干机宝宝专用家用超静音省电双层烘衣机,158.00,109,天骏陶鼎专卖店,http://detail.tmall.com/item.htm?id=17387018146&ns=1&abbucket=5
志高干衣机ZG09D双层烘衣机超静音烘干机家用宝宝专用,179.00,7,赵记电器专营店,http://detail.tmall.com/item.htm?id=41263657595&ns=1&abbucket=5,
奔腾干衣机家用静音省电衣服烘干机宝宝专用烘衣机双层方形风干机,299.00,30,欧诗妮电器专营店,http://detail.tmall.com/item.htm?id=41362634465&ns=1&abbucket=5,
艾美特干衣机HGY1002E家用烘干机宝宝专用衣服烘衣机静音节能,399.00,13,艾美特电器旗舰店,http://detail.tmall.com/item.htm?id=12835087151&ns=1&abbucket=5,
志高遥控干衣机家用衣物方形双层烘干机宝宝衣服风干器烤哄烘衣柜,239.00,72,志高赵记龙晨专卖店,http://detail.tmall.com/item.htm?id=42424944781&ns=1&abbucket=5,
格力干衣机电暖器取暖器家用静音暖风机NFA-12A衣服烘干机衣柜,259.00,9,昊棋电器专营店,http://detail.tmall.com/item.htm?id=37945408731&ns=1&abbucket=5,
Haier/海尔GDZA5-61烘干机壁挂式海尔干衣机江浙沪包邮,1580.00,12,海尔隋园专卖店,http://detail.tmall.com/item.htm?id=10537962701&ns=1&abbucket=5,
艾美特干衣机HGY905省电静音宝宝专用方形双层衣服烘干机家用,249.00,11,艾美特东海专卖店,http://detail.tmall.com/item.htm?id=19932229717&ns=1&abbucket=5,
格力干衣机烘衣机静音宝宝专用方形滚筒烘干机GSP20家用小太阳,739.00,9,格力悦联专卖店,http://detail.tmall.com/item.htm?id=12395614014&ns=1&abbucket=5,
志高干衣机双层烘衣机超静音烘干机家用省电宝宝专用,199.00,6,志高赵记专卖店,http://detail.tmall.com/item.htm?id=43969552601&ns=1&abbucket=5,
艾美特干衣机双层衣柜烘干机家用烘衣机HGY908P静音可折叠风干机,279.00,29,艾美特国煌专卖店,http://detail.tmall.com/item.htm?id=44121537286&ns=1&abbucket=5,
艾美特干衣机烘衣机静音宝宝专用方形双层衣服烘干机家用风干器柜,569.00,39,艾美特国煌专卖店,http://detail.tmall.com/item.htm?id=43866860435&ns=1&abbucket=5,
高端全网大容量德尔玛干衣机三层方形家用静音烘干机杀菌,398.00,17,德尔玛旗舰店,http://detail.tmall.com/item.htm?id=37390025637&ns=1&abbucket=5,
电器城干衣机家用静音烘干机包邮德尔玛R10方形双层风干,298.00,17,德尔玛旗舰店,http://detail.tmall.com/item.htm?id=37426136793&ns=1&abbucket=5,
奥德尔F9T干衣机家用宝宝专用烘干机双层省电静音烘衣机联保,219.00,61,奥德尔旗舰店,http://detail.tmall.com/item.htm?id=12685845140&ns=1&abbucket=5,
格力干衣机家用静音GSP10C衣服烘干机滚筒式烘干器家用不锈钢内胆,799.00,7,格力威铭专卖店,http://detail.tmall.com/item.htm?id=19625220873&ns=1&abbucket=5,
奥德尔HF-Y7干衣机家用静音圆形烘衣机节能省电衣服烘干机正品,199.00,57,奥德尔旗舰店,http://detail.tmall.com/item.htm?id=19443080990&ns=1&abbucket=5,
天骏干衣机TJ-1A-JY衣服烘衣机烘干机宝宝专用双层可折叠烘衣机,198.00,28,天骏旗舰店,http://detail.tmall.com/item.htm?id=12999623649&ns=1&abbucket=5,
天骏TJ-1A-ZN(I)智能遥控干衣机烘干机家用静音烘衣机宝宝专用,229.00,23,天骏哥登专卖店,http://detail.tmall.com/item.htm?id=41366665943&ns=1&abbucket=5,
艾美特干衣机双层宝宝烘干机HGY1015P干衣柜烘干机家用衣服烘干机,268.00,6,艾美特鑫三荣专卖店,http://detail.tmall.com/item.htm?id=16155542042&ns=1&abbucket=5,
飞利浦GC910衣物除菌干衣机家用内衣婴儿衣服消毒器烘干机正品,1698.00,10,飞利浦润氏专卖店,http://detail.tmall.com/item.htm?id=45537764739&ns=1&abbucket=5,
天骏TJ-SM380遥控烘干机家用双层干衣机静音UV杀菌宝宝专享,369.00,20,天骏哥登专卖店,http://detail.tmall.com/item.htm?id=41592164059&ns=1&abbucket=5,
飞利浦除菌干衣机婴儿儿童紫外线衣物除菌烘干机GC920正品包邮,1999.00,12,飞利浦百诚网络专卖店,http://detail.tmall.com/item.htm?id=44926518363&ns=1&abbucket=5,
艾美特干衣机HGY905P家用双层烘干机宝宝衣物烘衣机节能省电静音,249.00,13,蓝海电器专营店,http://detail.tmall.com/item.htm?id=20302825084&ns=1&abbucket=5,
飞利浦GC920衣物除菌家用干衣机婴儿衣服内衣消毒柜烘干,1999.00,5,飞利浦润诚专卖店,http://detail.tmall.com/item.htm?id=44555901549&ns=1&abbucket=5,
天骏双层干衣机烘干机宝宝专用家用静音衣服烘干机,158.00,42,湘尚电器专营店,http://detail.tmall.com/item.htm?id=6666271147&ns=1&abbucket=5,
康佳干衣机家用烘干机烘衣机双层超静音可折叠快速宝宝专用,168.00,9,派高电器专营店,http://detail.tmall.com/item.htm?id=17727170076&ns=1&abbucket=5,
干衣机家用Bear/小熊HGJ-A08A1衣服烘干机烘衣机万能宝宝暖被机,599.00,1,小熊荣裕专卖店,http://detail.tmall.com/item.htm?id=45465750615&ns=1&abbucket=5,
电器城艾美特干衣机HGY1015P家用烘干机烘衣机宝宝专用方形双层,268.00,7,云创电器专营店,http://detail.tmall.com/item.htm?id=39904843466&ns=1&abbucket=5,
天骏小天使干衣机烘衣机双层TJ-210M衣物烘干机家用双层,168.00,6,天骏旗舰店,http://detail.tmall.com/item.htm?id=13434672748&ns=1&abbucket=5,
志高烘衣机ZG09X迷你烘干衣机烘干机家用烘衣服机烤衣服静音,129.00,5,志高奥乐专卖店,http://detail.tmall.com/item.htm?id=42289417552&ns=1&abbucket=5,
Bear/小熊烘干机干衣机家用多功能暖被机烘衣机宝宝衣服除螨,599.00,4,小熊悠品专卖店,http://detail.tmall.com/item.htm?id=44213617173&ns=1&abbucket=5,
艾美特干衣机HGY1316M家用双层烘干机宝宝衣物烘衣机节能省电静,599.00,8,艾美特电器旗舰店,http://detail.tmall.com/item.htm?id=44550145950&ns=1&abbucket=5,
Panasonic/松下NH-2010TU干衣机家用杀菌迷你烘干机宝宝专用2kg,1558.00,9,成都金松电器专营店,http://detail.tmall.com/item.htm?id=35764363047&ns=1&abbucket=5,
SIEMENS/西门子WT46Y780TI家用滚筒烘干机烘衣干衣机原装进口,11999.00,7,西门子庆顺专卖店,http://detail.tmall.com/item.htm?id=37225839445&ns=1&abbucket=5,
干衣机家用静音省电烘衣机家用干衣机快速烘衣格米德W-111,129.00,16,格米德旗舰店,http://detail.tmall.com/item.htm?id=43184217071&ns=1&abbucket=5,
干衣机家用静音省电烘衣机家用快速干衣机烘衣机格米德,129.00,40,格米德旗舰店,http://detail.tmall.com/item.htm?id=43200224274&ns=1&abbucket=5,
袋鼠妈妈干衣机圆形园型元形烘干机烘衣机静音双层烘衣机包邮,179.00,257,ddmommy袋鼠妈妈旗舰店,http://detail.tmall.com/item.htm?id=43144994874&ns=1&abbucket=5,
天骏TJ-211M干衣机烘干机家用方形双层宝宝与成人衣服烘衣机,199.00,53,五灵电器专营店,http://detail.tmall.com/item.htm?id=8437200779&ns=1&abbucket=5,
袋鼠妈妈干衣机烘衣机静音宝宝专用双层衣服烘干机家用风干器衣柜,179.00,480,袋鼠妈妈水一方专卖店,http://detail.tmall.com/item.htm?id=43007630458&ns=1&abbucket=5,
天骏TJ-1A-JY干衣机烘衣机家用静音烘干机宝宝专用可折叠省电,178.00,23,五灵电器专营店,http://detail.tmall.com/item.htm?id=8446591575&ns=1&abbucket=5,
奔腾干衣机家用宝宝专用高效杀菌双层家用静音省电烘干烘衣机正品,299.00,6,戴诗彤电器专营店,http://detail.tmall.com/item.htm?id=41301002056&ns=1&abbucket=5,
SKG14893干衣机烘衣机静音双层衣服烘干机家用风干器干衣柜,399.00,19,乐派电器专营店,http://detail.tmall.com/item.htm?id=520077968789&ns=1&abbucket=5,
CTT烘干机家用商用高端7kg全自动不锈钢滚筒式干衣机衣服烘衣机,2660.00,38,ctt电器旗舰店,http://detail.tmall.com/item.htm?id=39623644856&ns=1&abbucket=5,
日彩干衣机双层宝宝烘干机暖风机静音干衣柜烘干机家用衣服烘干机,149.00,64,日彩旗舰店,http://detail.tmall.com/item.htm?id=36641108757&ns=1&abbucket=5
袋鼠妈妈衣服烘干机主机干衣机家用主机风干机主机干衣机主机,85.00,46,ddmommy袋鼠妈妈旗舰店,http://detail.tmall.com/item.htm?id=43226154529&ns=1&abbucket=5,
耀程干衣机家用小宝宝天鹅衣服物干衣柜烘衣机烘干器风干机烘干机,159.00,582,耀程电器专营店,http://detail.tmall.com/item.htm?id=16000174379&ns=1&abbucket=5,
CTT滚筒烘干机大容量8KG不锈钢滚筒干衣机足浴洗衣店商用烘干机,2680.00,26,ctt电器旗舰店,http://detail.tmall.com/item.htm?id=15983495369&ns=1&abbucket=5,
CTT不锈钢滚筒式快速干衣机4/4.5/6kg烘干机家用商用烘衣机特价,1399.00,31,泰腾电器专营店,http://detail.tmall.com/item.htm?id=40176442644&ns=1&abbucket=5,
日彩干衣机双层烘衣柜超静音衣物毛巾衣服暖风烘干机宝宝家用省电,179.00,28,百事兴电器专营店,http://detail.tmall.com/item.htm?id=44047132199&ns=1&abbucket=5,
干衣机双层烘衣机超静音衣服烘干机家用省电宝宝专用风干器柜,149.00,128,誉满堂电器专营店,http://detail.tmall.com/item.htm?id=40704285966&ns=1&abbucket=5,
格力大松干衣机烘衣机家用衣服烘干机静音省电滚筒烘衣机GSP20,768.00,9,tosot威铭专卖店,http://detail.tmall.com/item.htm?id=42606462908&ns=1&abbucket=5,
美斯特干衣机烘衣机双层衣服烘干机家用超静音省电宝宝专用包邮,178.00,26,美斯特电器旗舰店,http://detail.tmall.com/item.htm?id=13359087195&ns=1&abbucket=5,
飞利浦官方旗舰店全方位紫外线衣物除菌机干衣机器GC910包邮正品,1999.00,3,飞利浦官方旗舰店,http://detail.tmall.com/item.htm?id=43505057837&ns=1&abbucket=5,
袋鼠妈妈干衣机烘衣机超静音衣柜烘干机家用宝宝专用大衣服柜,179.00,14,袋鼠妈妈水一方专卖店,http://detail.tmall.com/item.htm?id=43167337256&ns=1&abbucket=5,
坚好HY-GYQ-01可折叠便携式家用小微型干衣机烘干机烘衣机干衣架,168.00,45,坚好旗舰店,http://detail.tmall.com/item.htm?id=37732973100&ns=1&abbucket=5,
吉母干衣机高端暖风宝宝衣物烘干机快速烘衣机静音烘衣器圆形家用,319.00,25,立尚电器专营店,http://detail.tmall.com/item.htm?id=41886025866&ns=1&abbucket=5,
艾美特干衣机家用双层衣柜烘干机大容量静音烘衣机方形HGY1503,418.00,10,亚陈电器专营店,http://detail.tmall.com/item.htm?id=37542654368&ns=1&abbucket=5,
艾美特家用干衣机HGY1015P双层方形烘干机HGY1009P兄弟款烘衣机,299.00,4,艾美特鹤明专卖店,http://detail.tmall.com/item.htm?id=35421337712&ns=1&abbucket=5,
美斯特干衣机烘衣机双层衣服烘干机家用超静音省电宝宝专用可折叠,198.00,17,美斯特电器旗舰店,http://detail.tmall.com/item.htm?id=40318142048&ns=1&abbucket=5,
艾美特烘干机双层可折叠快干宝宝专用干衣机家用HGY902P,259.00,5,华踵电器专营店,http://detail.tmall.com/item.htm?id=40657834206&ns=1&abbucket=5,
限量特价好妻子烘干机家用H10-802烘干机衣柜快速干衣机烘衣柜,398.00,14,袭明电器专营店,http://detail.tmall.com/item.htm?id=15782405453&ns=1&abbucket=5,
艾美特干衣机烘干机家用双层静音省电宝宝专用衣服烘衣机HGY902P,259.00,8,艾美特鑫三荣专卖店,http://detail.tmall.com/item.htm?id=17144887790&ns=1&abbucket=5,
高端干衣机风干机烘干器烘干机高温氧吧杀菌三层方形省电,498.00,14,德尔玛旗舰店,http://detail.tmall.com/item.htm?id=35021009129&ns=1&abbucket=5,
电器城干衣机衣服烘干机德尔玛Q7E家用省电静音包邮正品,199.00,18,德尔玛旗舰店,http://detail.tmall.com/item.htm?id=37215105293&ns=1&abbucket=5,
奥德尔HF-F14T干衣机智能遥控三层烘衣机负离子杀菌定时烘干机,399.00,13,奥德尔旗舰店,http://detail.tmall.com/item.htm?id=13584050821&ns=1&abbucket=5,
天骏TJ-1A-JY干衣机暖风烘干机宝宝专用家用风干机超静音省电,198.00,15,天骏哥登专卖店,http://detail.tmall.com/item.htm?id=36869394655&ns=1&abbucket=5,
奥德尔HF-14BT干衣机双层大容量遥控烘衣机1400W极速干衣负离子,299.00,24,奥德尔旗舰店,http://detail.tmall.com/item.htm?id=21022716068&ns=1&abbucket=5,
天骏小天使TJ-1A228干衣机双层烘衣机衣服烘干机家用暖风机,208.00,13,天骏哥登专卖店,http://detail.tmall.com/item.htm?id=36888052255&ns=1&abbucket=5,
袋鼠妈妈干衣机双层大容量静音烘衣机烘干机宝宝专用包邮方形,139.00,37,ddmommy袋鼠妈妈旗舰店,http://detail.tmall.com/item.htm?id=42557821083&ns=1&abbucket=5,
CTT烘干机衣服家用不锈钢滚筒快速烘衣机6KG洗衣店商用干衣机,1799.00,15,ctt电器旗舰店,http://detail.tmall.com/item.htm?id=16270466439&ns=1&abbucket=5,
干衣机家用Bear/小熊HGJ-A08A1衣服烘干机烘衣机万能宝宝暖被机,599.00,4,英百励诚电器专营店,http://detail.tmall.com/item.htm?id=45455341552&ns=1&abbucket=5,
天骏快速双层干衣机TJ-GYJ900Y家用可折叠烘干机宝宝专用,218.00,8,天骏旗舰店,http://detail.tmall.com/item.htm?id=13064378977&ns=1&abbucket=5,
志高ZG09G干衣机家用遥控方形双层烘干机宝宝专用静音烘衣机,239.00,11,志高帝赐尔专卖店,http://detail.tmall.com/item.htm?id=41361204369&ns=1&abbucket=5,
1200W大主机大功率干衣机烘干机烘衣机主机包邮,125.00,11,ddmommy袋鼠妈妈旗舰店,http://detail.tmall.com/item.htm?id=44038145277&ns=1&abbucket=5,
艾美特烘干机干衣机干衣柜米奇烘衣机暖风机烘干器烘焙机宝宝专用,529.00,6,艾美特国煌专卖店,http://detail.tmall.com/item.htm?id=43894015304&ns=1&abbucket=5,
艾美特干衣机烘衣机双层大衣服烘干机器静音家用HGY1503宝宝专用,436.00,4,艾美特鑫三荣专卖店,http://detail.tmall.com/item.htm?id=15855697715&ns=1&abbucket=5,
干衣机家用烘干机Bear/小熊DNQ-208WA烘衣机静音衣服暖风烘被机,599.00,3,乐美兴业电器专营店,http://detail.tmall.com/item.htm?id=42697741848&ns=1&abbucket=5,
Bear/小熊HGJ-A08A1家用烘干机多功能干衣机抽湿机除湿机暖被机,599.00,2,小熊哥登专卖店,http://detail.tmall.com/item.htm?id=45462050124&ns=1&abbucket=5,
飞利浦GC910衣物除菌干衣机家用内衣婴儿衣服消毒器烘干机正品,1698.00,4,飞利浦百诚网络专卖店,http://detail.tmall.com/item.htm?id=44926742282&ns=1&abbucket=5,
艾美特干衣机HGY1316M家用双层烘干机宝宝衣物烘衣机节能省电静,599.00,3,艾美特鹤明专卖店,http://detail.tmall.com/item.htm?id=44166191978&ns=1&abbucket=5,
【袋鼠妈妈】干衣机烘干机烘衣机900W单主机宝宝专用包邮,85.00,8,袋鼠妈妈水一方专卖店,http://detail.tmall.com/item.htm?id=43403242912&ns=1&abbucket=5,
格力烘干机干衣机折叠双层衣柜宝宝专用衣服家用烘衣机NFA-20-WG,316.00,4,格力伟宏专卖店,http://detail.tmall.com/item.htm?id=41138590597&ns=1&abbucket=5,
天骏高端干衣机TJ-3A228变频遥控宝宝家用双层烘干机烘衣,498.00,2,天骏旗舰店,http://detail.tmall.com/item.htm?id=18955684993&ns=1&abbucket=5,
干衣机家用方形双层烘衣机衣服烘干机宝宝专用风干机包邮德贝尔,199.00,13,德贝尔萨美特专卖店,http://detail.tmall.com/item.htm?id=27312624777&ns=1&abbucket=5,
邀宇干衣机双层烘干衣机超静音可折叠家用省电宝宝专用除螨杀菌,199.00,22,邀宇旗舰店,http://detail.tmall.com/item.htm?id=43886593743&ns=1&abbucket=5,
志高干衣机ZG09D暖风双层烤烘衣机柜家用静音风干烘干机宝宝专用,199.00,11,志高赵记龙晨专卖店,http://detail.tmall.com/item.htm?id=41249957716&ns=1&abbucket=5,
志高烘衣机迷你儿童婴儿小烘干衣机烘干机家用烘衣服机烤衣服静音,79.00,17,志高赵记龙晨专卖店,http://detail.tmall.com/item.htm?id=42290197715&ns=1&abbucket=5,
德尔玛家用时尚干衣机烘干机杀菌烘衣机大功率烘鞋双层特价衣架,189.00,4,沃途电器专营店,http://detail.tmall.com/item.htm?id=42168001495&ns=1&abbucket=5
奔腾干衣机折叠烘干机家用省电宝宝专用衣服烘衣机,399.00,1,高基万生电器专营店,http://detail.tmall.com/item.htm?id=42879296184&ns=1&abbucket=5,
正品HCAV干衣机家用静音省电烘衣机双层烘干机衣服方形特价包邮,138.00,10,发隆电器专营店,http://detail.tmall.com/item.htm?id=40347002112&ns=1&abbucket=5,
方形双层干衣机家用静音省电衣服烘干机家用包邮德尔玛R8,238.00,2,德尔玛飞鱼专卖店,http://detail.tmall.com/item.htm?id=42210292317&ns=1&abbucket=5,
电器城SKG干衣机双层家用大容量烘衣机超静音杀菌除螨衣柜烘干机,399.00,2,美境电器专营店,http://detail.tmall.com/item.htm?id=44005709785&ns=1&abbucket=5,
艾美特干衣机HGY1015P家用方形双层烘干机宝宝专用陶瓷暖风机,269.00,3,蓝海电器专营店,http://detail.tmall.com/item.htm?id=43817022460&ns=1&abbucket=5,
限量款干衣机衣服烘干机德尔玛Q7E家用省电静音包邮正品,199.00,5,德尔玛飞鱼专卖店,http://detail.tmall.com/item.htm?id=42146903141&ns=1&abbucket=5,
电器城先锋HY33PD-9/DQ1351干衣机家用快速烘干机衣服烘衣机,168.00,4,先锋欧楠专卖店,http://detail.tmall.com/item.htm?id=35299543291&ns=1&abbucket=5,
格力干衣机家用衣服烘干机滚筒烘衣机静音省电2KG宝宝专用GSP20,888.00,4,增邑电器专营店,http://detail.tmall.com/item.htm?id=40237440399&ns=1&abbucket=5,
高端大容量德尔玛干衣机三层方形家用静音烘干机高温杀菌,398.00,3,deerma德尔玛贝肯专卖店,http://detail.tmall.com/item.htm?id=41461557140&ns=1&abbucket=5,
Panasonic/松下NH45-19T4.5公斤干衣机专业杀菌烘干联保,2310.00,13,向阳发数码专营店,http://detail.tmall.com/item.htm?id=13839195482&ns=1&abbucket=5,
【袋鼠妈妈】家用超大功率1200W超快干衣机烘干机烘衣机包邮,275.00,7,袋鼠妈妈水一方专卖店,http://detail.tmall.com/item.htm?id=43167225414&ns=1&abbucket=5,
艾美特干衣机HGY1002E家用多种模式静音烘干机宝宝专用烘衣机,339.00,1,思优普电器专营店,http://detail.tmall.com/item.htm?id=40695293288&ns=1&abbucket=5,
高端干衣机风干机烘干器烘干机高温氧吧杀菌三层方形省电,498.00,1,deerma德尔玛禾米专卖店,http://detail.tmall.com/item.htm?id=44006756116&ns=1&abbucket=5,
TOMONI干衣机烘干机除螨机除湿机烘被机家用取暖器暖被机AFS-9006,299.00,249,合如电器专营店,http://detail.tmall.com/item.htm?id=36535776257&ns=1&abbucket=5,
美菱环保干衣机双层烘衣机静音烘干机家用包邮宝宝专用取暖定时,198.00,13,合肥美菱电器专营,http://detail.tmall.com/item.htm?id=41177122468&ns=1&abbucket=5,
【30根毛巾架】天骏小天使TJ-1A-JYII干衣机婴儿烘干机烘衣机,248.00,7,湘尚电器专营店,http://detail.tmall.com/item.htm?id=6666695655&ns=1&abbucket=5,
天骏干衣机双层宝宝风干机烘衣机暖静音干衣柜烘干机家用干烘衣器,228.00,5,天骏三川西格玛专卖店,http://detail.tmall.com/item.htm?id=41696092978&ns=1&abbucket=5,
飞利浦GC910衣物除菌家用干衣机内衣婴儿衣物消毒柜器烘干,1699.00,4,飞利浦鼎豪专卖店,http://detail.tmall.com/item.htm?id=43608220774&ns=1&abbucket=5,
奔腾干衣机pw1007烘干机家用方形超静音宝宝专用可折叠正品包邮,399.00,1,晶复电器专营店,http://detail.tmall.com/item.htm?id=41784817645&ns=1&abbucket=5,
电器城Panasonic/松下NH35-31T干衣机家用滚筒大容量烘衣机静音,2099.00,4,松下洗衣机官方旗舰店,http://detail.tmall.com/item.htm?id=35426376415&ns=1&abbucket=5,
耀程方形干衣机烘干机家用双层衣服烤小静音衣柜烘衣机天鹅风干机,159.00,27,若为电器专营店,http://detail.tmall.com/item.htm?id=43848303910&ns=1&abbucket=5,
荣事达RS-GY10P家用干衣机烘衣机宝宝成人衣服烘干机正品特价包邮,199.00,2,润百金电器专营店,http://detail.tmall.com/item.htm?id=38432357215&ns=1&abbucket=5,
奔腾干衣机烘干机可折叠衣架杀菌快速烘干宝宝专用PW1007干衣机,299.00,3,奔腾美龙专卖店,http://detail.tmall.com/item.htm?id=43928599517&ns=1&abbucket=5,
金臣干衣机烘衣机家用静音宝宝专用衣服烘干机圆形单层省电,99.00,26,金臣电器旗舰店,http://detail.tmall.com/item.htm?id=44213067977&ns=1&abbucket=5,
天骏干衣机快速双层家用烘干机TJ-1A-JY烘衣机宝宝专业超静音,185.00,4,天骏三川西格玛专卖店,http://detail.tmall.com/item.htm?id=41229742885&ns=1&abbucket=5,
格林盈璐GH802万能烘干宝家用多功能烘被机婴儿干衣机烘鞋暖被,598.00,3,诺迅电器专营店,http://detail.tmall.com/item.htm?id=17440053293&ns=1&abbucket=5,
艾美特干衣机HGY1010P宝宝专用米奇老鼠烘衣机双层静音省电烘干机,499.00,1,承和润电器专营店,http://detail.tmall.com/item.htm?id=42668140789&ns=1&abbucket=5,
奥德尔干衣机家用衣服烘干机双层静音烘衣机智能遥控香薰新品,268.00,10,奥德尔旗舰店,http://detail.tmall.com/item.htm?id=42839506926&ns=1&abbucket=5,
奥德尔HF-F7方形双层暖风干衣机家用灭菌烘衣机衣服除湿烘干机,219.00,12,奥德尔旗舰店,http://detail.tmall.com/item.htm?id=15703058967&ns=1&abbucket=5,
方形双层干衣机家用静音省电衣服烘干机家用包邮德尔玛R8,238.00,5,德尔玛旗舰店,http://detail.tmall.com/item.htm?id=21974219746&ns=1&abbucket=5,
天骏TJ-2A(III)毛巾干衣机发廊烘干机超大容量可干120条毛巾,999.00,5,天骏哥登专卖店,http://detail.tmall.com/item.htm?id=41931344244&ns=1&abbucket=5,
天骏干衣机TJ-3A228变频遥控家用双层烘干机高端智能快干烘衣,498.00,4,天骏哥登专卖店,http://detail.tmall.com/item.htm?id=36873795015&ns=1&abbucket=5,
天骏高端智能双层干衣机TJ-1A-ZN可折叠宝宝家用衣服烘衣,278.00,4,天骏旗舰店,http://detail.tmall.com/item.htm?id=13552991965&ns=1&abbucket=5,
天骏SM358烘干机家用双层不锈钢干衣机含UV灯杀菌拒绝霉菌病菌,298.00,5,天骏旗舰店,http://detail.tmall.com/item.htm?id=43722040021&ns=1&abbucket=5,
高端容量超大干衣机三层方形家用静音烘干机高温杀菌,398.00,3,德尔玛飞鱼专卖店,http://detail.tmall.com/item.htm?id=37371012404&ns=1&abbucket=5,
正品天骏小天使TJ-211M干衣机家用干衣机烘衣机双层静音,198.00,6,湘尚电器专营店,http://detail.tmall.com/item.htm?id=8012015547&ns=1&abbucket=5,
高端容量最大干衣机三层方形家用静音烘干机高温杀菌,398.00,2,deerma德尔玛优旺专卖店,http://detail.tmall.com/item.htm?id=38078326556&ns=1&abbucket=5,
天骏TJ-2AIII三层干衣机酒店发廊3000W大功率120条毛巾烘干机,999.00,3,华浪电器专营店,http://detail.tmall.com/item.htm?id=43384211880&ns=1&abbucket=5,
电器城Panasonic/松下NH-2010TU干衣机滚筒烘衣机婴幼儿专用,1698.00,3,松下洗衣机官方旗舰店,http://detail.tmall.com/item.htm?id=35423514730&ns=1&abbucket=5,
正品天骏小天使TJ-211M干衣机家用衣服烘干机烘衣机静音,178.00,3,天骏陶鼎专卖店,http://detail.tmall.com/item.htm?id=22930852533&ns=1&abbucket=5,
贝尔莱德干衣机FB家用暖风衣服烘干机烘衣机,209.00,1,小冰火人旗舰店,http://detail.tmall.com/item.htm?id=42966731222&ns=1&abbucket=5,
【袋鼠妈妈】圆形家用双层干衣机高端易折叠烘衣机烘干机包邮,175.00,6,袋鼠妈妈水一方专卖店,http://detail.tmall.com/item.htm?id=43184308230&ns=1&abbucket=5,
双层天骏小天使干衣机TJ-1A228宝宝衣服烘干机家用暖风静音,218.00,5,华浪电器专营店,http://detail.tmall.com/item.htm?id=16319330189&ns=1&abbucket=5,
奔腾双层干衣机家用静音省电衣服烘干机宝宝专用方形风烘干衣机,298.00,2,奔腾美龙专卖店,http://detail.tmall.com/item.htm?id=44038632972&ns=1&abbucket=5
奔腾PG091A婴儿幼儿童衣服烘干机家用宝宝专用干衣机家用正品包邮,259.00,3,奔腾杰奔专卖店,http://detail.tmall.com/item.htm?id=44061611491&ns=1&abbucket=5,
天骏小天使TJ-1A338双层单层干衣机家用烘衣机衣服烘干机,278.00,1,天骏陶鼎专卖店,http://detail.tmall.com/item.htm?id=22930752874&ns=1&abbucket=5,
VEBONKI/威邦卫5kg干衣机家用全自动衣服烘干机滚筒烘衣机风干机,1399.00,13,vebonki威邦卫旗舰店,http://detail.tmall.com/item.htm?id=44973541184&ns=1&abbucket=5,
烘干机干衣机双层衣服风干机家用包邮静音省电包邮R11,338.00,2,德尔玛飞鱼专卖店,http://detail.tmall.com/item.htm?id=35672393616&ns=1&abbucket=5,
天骏干衣机1A-JY2衣服烘干机器家用圆形静音暖风干机宝宝专用机,248.00,2,天骏三川西格玛专卖店,http://detail.tmall.com/item.htm?id=41023234572&ns=1&abbucket=5,
奔腾PG091A婴儿幼儿童衣物烘干机家用宝宝专用干衣机家用,259.00,4,奔腾上海专卖店,http://detail.tmall.com/item.htm?id=43735864601&ns=1&abbucket=5,
哥尔干衣机家用超静音衣服烘干机衣物宝宝专用圆形速干大容量,178.00,6,goal哥尔电器旗舰店,http://detail.tmall.com/item.htm?id=41811397838&ns=1&abbucket=5,
【电器城】艾美特干衣机HGY1503衣物双层烘衣机全家衣服烘干机,398.00,4,利隆电器专营店,http://detail.tmall.com/item.htm?id=40158669131&ns=1&abbucket=5,
天骏TJ-2A2家用干衣机烘干机双层宝宝专用衣服烘干器烘衣机遥控,368.00,2,湘尚电器专营店,http://detail.tmall.com/item.htm?id=6666316217&ns=1&abbucket=5,
康标5KG滚筒干衣机烘干机干衣机衣服烘干机宝宝烘衣机包邮联保,1480.00,7,konbuy康标旗舰店,http://detail.tmall.com/item.htm?id=41330499344&ns=1&abbucket=5,
SK超级工厂干衣机双层烘衣机衣服烘干机暖风机家用宝宝专用风干机,128.00,4,sanxingkeji旗舰店,http://detail.tmall.com/item.htm?id=19564653588&ns=1&abbucket=5,
【袋鼠妈妈】1200W大主机大功率干衣机烘干机烘衣机主机包邮,125.00,2,袋鼠妈妈水一方专卖店,http://detail.tmall.com/item.htm?id=43381367905&ns=1&abbucket=5,
CTT不锈钢滚筒式快速干衣机2.5kg烘干机宝宝家用静音烘衣机特价,999.00,3,泰腾电器专营店,http://detail.tmall.com/item.htm?id=40607062221&ns=1&abbucket=5,
小熊多功能暖被机除螨机干燥机除湿机烘被机烘干机干衣机暖被器,599.00,2,小熊百洋专卖店,http://detail.tmall.com/item.htm?id=41656993967&ns=1&abbucket=5,
干衣机家用烘干机双层哥尔GO-9003烘衣机静音暖风衣物衣服风干机,238.00,3,乐美兴业电器专营店,http://detail.tmall.com/item.htm?id=16141618681&ns=1&abbucket=5,
干衣机家用方形双层烘干机宝宝专用静音烘衣机赶集认证衣服风干机,149.00,8,晨轩电器专营店,http://detail.tmall.com/item.htm?id=42679154110&ns=1&abbucket=5,
益当家干衣机烘衣机方形双层烘干机衣服家用风干机宝宝专用干衣柜,138.00,10,如益电器专营店,http://detail.tmall.com/item.htm?id=42673067740&ns=1&abbucket=5,
Panasonic/松下NH-2010TU干衣机家用杀菌迷你烘干机宝宝专用2kg,1499.00,1,松鼎电器专营店,http://detail.tmall.com/item.htm?id=45849604099&ns=1&abbucket=5,
美菱环保MGY-F06干衣机家用双层宝宝衣服烘干暖风机可取暖干衣,198.00,4,合肥美菱电器专营,http://detail.tmall.com/item.htm?id=35379278715&ns=1&abbucket=5,
奔腾圆形干衣机家用静音铝合金架暖烘干机定时大容量烘衣干衣机,219.00,1,奔腾美龙专卖店,http://detail.tmall.com/item.htm?id=43967822232&ns=1&abbucket=5,
康标大容量干衣机家用滚筒式烘衣机快速烘干机商用静音包邮,2680.00,6,konbuy康标旗舰店,http://detail.tmall.com/item.htm?id=36325214191&ns=1&abbucket=5,
Panasonic/松下NH35-31T干衣机衣服烘干机滚筒式家用烘衣机3.5kg,1818.00,1,松鼎电器专营店,http://detail.tmall.com/item.htm?id=45747863850&ns=1&abbucket=5,
干衣机家用静音德尔玛R12衣服烘干机衣物风干机烘干器升级,398.00,1,三夫子电器专营店,http://detail.tmall.com/item.htm?id=44047809798&ns=1&abbucket=5,
格力干衣机烘干机家用双层衣柜风干机宝宝专用衣服烘衣机NFA-12A,268.00,1,格力伟宏专卖店,http://detail.tmall.com/item.htm?id=17002166434&ns=1&abbucket=5,
奔腾干衣机静音定时智能烘衣机恒温护衣节能环保衣物烘干G091A,259.00,0,奔腾艺豆专卖店,http://detail.tmall.com/item.htm?id=44981858149&ns=1&abbucket=5,
康威奇多功能家用干衣机方形双层静音衣服烘干机宝宝专用烘衣机,218.00,20,康威奇阳光宝宝旗舰店,http://detail.tmall.com/item.htm?id=27056252417&ns=1&abbucket=5,
日彩家用干衣机双层暖风烘干机宝宝烘衣大容量静音暖衣机干衣机,237.00,1,日彩旗舰店,http://detail.tmall.com/item.htm?id=36727046062&ns=1&abbucket=5,
美菱雅美娜家用干衣机F003D暖风静音方形宝宝烘衣机杀菌节能省电,127.00,3,雅美娜赛辉专卖店,http://detail.tmall.com/item.htm?id=44050446300&ns=1&abbucket=5,
skg14916烘干机双层干衣机家用恒温杀菌快速烘干宝宝专用,329.00,2,skg艾诗凯奇专卖店,http://detail.tmall.com/item.htm?id=35596591780&ns=1&abbucket=5,
CTT不锈钢滚筒式快速干衣机8KG大容量烘干机宾馆/洗衣房商用特价,2680.00,3,泰腾电器专营店,http://detail.tmall.com/item.htm?id=42254146458&ns=1&abbucket=5,
吉母高端干衣机家用烘干机宝宝烘衣机杀菌除螨圆形衣物烘w5lb46,279.00,6,吉母旗舰店,http://detail.tmall.com/item.htm?id=45716006784&ns=1&abbucket=5,
德贝尔干衣机烘衣机双层衣服烘干机家用超静音省电宝宝专用可折叠,199.00,4,清语电器专营店,http://detail.tmall.com/item.htm?id=40664113225&ns=1&abbucket=5,
金臣单层干衣机家用方形可折叠超静音烘衣机省电宝宝专用,105.00,9,金臣电器旗舰店,http://detail.tmall.com/item.htm?id=44262536035&ns=1&abbucket=5,
现货松下专业干衣机NH-2010TU白色家用烘干全国联保2公斤,1999.00,1,向阳发数码专营店,http://detail.tmall.com/item.htm?id=14848360085&ns=1&abbucket=5,
可折叠双层干衣机烘衣服机衣服烘干机宝宝专用超静音省电暖风机,199.00,1,mition美承旗舰店,http://detail.tmall.com/item.htm?id=39171521540&ns=1&abbucket=5,
康威奇KP-90干衣机宝宝专用衣服烘干机多功能家用杀菌烘衣机滚筒,149.00,7,康威奇阳光宝宝旗舰店,http://detail.tmall.com/item.htm?id=16483596552&ns=1&abbucket=5,
天骏衣服烘衣机干衣机TJ-SM328双层烘干机衣服家用静音宝宝,268.00,7,天骏哥登专卖店,http://detail.tmall.com/item.htm?id=43984538398&ns=1&abbucket=5,
天骏干衣机TJ-238M双层烘干机静音方形烘衣机家用干衣机,248.00,5,天骏哥登专卖店,http://detail.tmall.com/item.htm?id=36873659142&ns=1&abbucket=5,
奥德尔家用干衣机宁神香薰衣服烘干机节能高效烘衣机正品HF-F12,238.00,9,奥德尔旗舰店,http://detail.tmall.com/item.htm?id=42597676114&ns=1&abbucket=5,
天骏干衣机TJ-1A338家用双层可折叠烘干机宝宝专用衣服烘衣机,268.00,5,天骏旗舰店,http://detail.tmall.com/item.htm?id=20386600385&ns=1&abbucket=5,
天骏干衣机TJ2A2双层烘干机家用宝宝专用包邮感应烘衣机,378.00,5,天骏旗舰店,http://detail.tmall.com/item.htm?id=17103458992&ns=1&abbucket=5,
【双层】天骏干衣机TJ-1A338小天使烘衣机家用静音暖风烘干机,248.00,1,华浪电器专营店,http://detail.tmall.com/item.htm?id=20722896265&ns=1&abbucket=5,
天骏干衣机TJ-1A-JF方形衣服烘衣机烘干机家用暖风机静音,188.00,2,湘尚电器专营店,http://detail.tmall.com/item.htm?id=6666119453&ns=1&abbucket=5,
天骏小天使TJ-1A-ZN(I)干衣机烘干机烘衣服机家用数码定时静音,209.00,1,湘尚电器专营店,http://detail.tmall.com/item.htm?id=6666354465&ns=1&abbucket=5
【袋鼠妈妈】电脑控制超长定时数码宝宝专业干衣机烘干机包邮,279.00,2,袋鼠妈妈水一方专卖店,http://detail.tmall.com/item.htm?id=43115551265&ns=1&abbucket=5,
SK超级工厂干衣机双层暖风家用烘衣机大空间衣服烘干机风干机,158.00,3,sanxingkeji旗舰店,http://detail.tmall.com/item.htm?id=26848608784&ns=1&abbucket=5,
Panasonic/松下干衣机NH45-19T4.5公斤滚筒式烘干机,2058.00,1,译凡电器专营店,http://detail.tmall.com/item.htm?id=43761086705&ns=1&abbucket=5,
Panasonic/松下烘干机干衣机NH35-31T3.5公斤干衣机全新正品,1828.00,1,译凡电器专营店,http://detail.tmall.com/item.htm?id=43738399506&ns=1&abbucket=5,
快特电器干衣机烘衣机双层衣服烘干机家用超静音宝宝专用可折叠,228.00,4,快特电器旗舰店,http://detail.tmall.com/item.htm?id=42044043134&ns=1&abbucket=5,
格林盈璐干衣机烘干机烘干器家用烘衣机烘被机正品宝宝专用,598.00,1,greenyellow欣然专卖店,http://detail.tmall.com/item.htm?id=40751578353&ns=1&abbucket=5,
金臣双层干衣机烘衣机家用衣服烘干机家用省电宝宝超静音专用,115.00,4,金臣电器旗舰店,http://detail.tmall.com/item.htm?id=44294900661&ns=1&abbucket=5,
家用超大功率1200W超快干衣机烘干机烘衣机包邮,279.00,1,ddmommy袋鼠妈妈旗舰店,http://detail.tmall.com/item.htm?id=44490275988&ns=1&abbucket=5,
康标宝宝专用衣服烘干机滚筒式衣物烘衣机干衣机家用包邮静音省电,999.00,6,konbuy康标旗舰店,http://detail.tmall.com/item.htm?id=36512468704&ns=1&abbucket=5,
哥尔GO-9002干衣机特价烘干机暖风机宝宝烘衣机家用衣服烘干,188.00,2,小荣小杰电器专营店,http://detail.tmall.com/item.htm?id=24248960869&ns=1&abbucket=5,
麦卓MJ-6212家用干衣机衣服烘干机特制双层超静音家用烘衣机,168.00,3,麦卓电器旗舰店,http://detail.tmall.com/item.htm?id=36533692486&ns=1&abbucket=5,
康威奇KP-100宝宝专用烘衣机家用干衣机双层滚筒毛巾衣服烘干机,229.00,3,康威奇阳光宝宝旗舰店,http://detail.tmall.com/item.htm?id=16372144130&ns=1&abbucket=5,
康威奇KP-120消毒柜理发店发廊美容院毛巾烘干机家用多功能干衣机,399.00,2,康威奇阳光宝宝旗舰店,http://detail.tmall.com/item.htm?id=14273785112&ns=1&abbucket=5,
小精宝干衣机衣服烘干机家用静音烘衣机方形CT-5CT-E6,228.00,1,恒一电器专营店,http://detail.tmall.com/item.htm?id=35052672134&ns=1&abbucket=5,
迷你干衣机可折叠微型烘干衣架家用静音便携式旅行快速干衣器包邮,168.00,515,沐嘉电器专营店,http://detail.tmall.com/item.htm?id=41729819278&ns=1&abbucket=5,
德贝尔干衣机烘干机宝宝专用圆形暖风家用烘衣机衣服干衣器风干机,149.00,15,德贝尔旗舰店,http://detail.tmall.com/item.htm?id=20084336516&ns=1&abbucket=5,
德贝尔干衣机家用圆形双层静音可折叠烘衣省电烘干机宝宝专用正品,149.00,19,小绵羊电器专营店,http://detail.tmall.com/item.htm?id=19304286163&ns=1&abbucket=5,
哥尔干衣机家用超静音衣服烘干机衣物风干器圆形速干大容量,178.00,16,哥尔电器麦卓专卖店,http://detail.tmall.com/item.htm?id=15846737141&ns=1&abbucket=5,
格力特价格力双层干衣机烘衣机NFA-12A-WG烘干机家用风干机烘干器,299.00,8,广州格力电器专营,http://detail.tmall.com/item.htm?id=19512979533&ns=1&abbucket=5,
Panasonic/松下NH35-31T干衣机滚筒式家用衣服烘干机烘衣机3.5kg,1560.00,3,思茵佳成电器专营店,http://detail.tmall.com/item.htm?id=45304365748&ns=1&abbucket=5,
现货电脑定时天骏小天使干衣机TJ-1A-ZN(II)智能烘干机遥控器,238.00,2,五灵电器专营店,http://detail.tmall.com/item.htm?id=8508354511&ns=1&abbucket=5,
天骏干衣机小天使TJ-210M方形家用干衣机烘衣机宝宝专用双层,199.00,1,五灵电器专营店,http://detail.tmall.com/item.htm?id=8437460143&ns=1&abbucket=5,
西格玛sigma不锈钢滚筒式家用包邮干衣机烘干机烘衣机全国联保,2599.00,4,sigma西格玛旗舰店,http://detail.tmall.com/item.htm?id=38335834982&ns=1&abbucket=5,
贝尔莱德FBCD超静音杀菌除螨干衣机家用干衣机,248.00,2,智腾电器专营店,http://detail.tmall.com/item.htm?id=13087051710&ns=1&abbucket=5,
格力干衣机家用烘衣机衣柜NFA-20双层方形宝宝专用烘干机干衣机,299.00,2,尚电电器专营店,http://detail.tmall.com/item.htm?id=43759045639&ns=1&abbucket=5,
日本TOMONI多功能暖被机烘被机干被机干衣机微电脑高端除湿,369.00,3,合如电器专营店,http://detail.tmall.com/item.htm?id=21552380740&ns=1&abbucket=5,
西格玛不锈钢干衣机滚筒式烘干机家用省电消毒干衣机,1999.00,3,sigma西格玛旗舰店,http://detail.tmall.com/item.htm?id=37401978609&ns=1&abbucket=5,
每时乐MSL-968家用干衣机可折叠双层烘衣机超静音宝宝专用烘干机,199.00,2,每时乐旗舰店,http://detail.tmall.com/item.htm?id=10505868399&ns=1&abbucket=5,
韩国Samuco/尚美佳宝宝专用干衣机紫光杀菌消毒迷你衣服烘干机,898.00,1,尚美佳旗舰店,http://detail.tmall.com/item.htm?id=37762435949&ns=1&abbucket=5,
好妻子H10-802F方形快速干衣机升级版双层烘干机静音包邮送礼品,219.00,10,韩卓电器专营店,http://detail.tmall.com/item.htm?id=22993800643&ns=1&abbucket=5,
哥尔干衣机特制双层烘衣机方形家用静音大容量衣服烘干机宝宝专用,178.00,1,哥尔电器麦卓专卖店,http://detail.tmall.com/item.htm?id=17331047972&ns=1&abbucket=5,
志高双层干衣机ZG09D烘干机烘衣机超静音家用高温杀菌包邮,149.00,261,志高纳贝尔专卖店,http://detail.tmall.com/item.htm?id=43575533490&ns=1&abbucket=5,
志高干衣机ZG09X迷你烘衣机烘干机家用烘衣服机烤衣服静音,79.00,27,志高纳贝尔专卖店,http://detail.tmall.com/item.htm?id=43539050398&ns=1&abbucket=5,
格力干衣机NFA-12A衣服烘干机家用包邮静音省电正品可折叠,256.00,33,圣至诚电器专营店,http://detail.tmall.com/item.htm?id=10162435237&ns=1&abbucket=5,
艾美特干衣机方形衣服衣柜烘干机家用宝宝专用烘衣机双层HGY1009P,279.00,16,国奔电器专营店,http://detail.tmall.com/item.htm?id=35178335660&ns=1&abbucket=5,
艾美特干衣机烘干机宝宝专用家用烘衣机家用静音HGY902P双层方型,259.00,8,国奔电器专营店,http://detail.tmall.com/item.htm?id=20039961191&ns=1&abbucket=5,
SKG14893家用双层干衣机烘干机省电杀菌超静音宝宝专用烘衣机,399.00,19,源鸿达电器专营店,http://detail.tmall.com/item.htm?id=37965866250&ns=1&abbucket=5,
天骏干衣机烘衣机静音TJ-1A-JY(II）双层衣服烘干机家用尿布衣服,228.00,8,圣至诚电器专营店,http://detail.tmall.com/item.htm?id=44361953537&ns=1&abbucket=5,
全国包邮TOMONI暖被机烘干机干衣除螨防潮AFS-W9006出口台湾,279.00,126,腾御电器专营店,http://detail.tmall.com/item.htm?id=40724943484&ns=1&abbucket=5,
天骏干衣机家用静音省电衣服烘干机宝宝专用双层方形烘衣机干衣柜,358.00,7,康鑫鸿电器专营店,http://detail.tmall.com/item.htm?id=36820085135&ns=1&abbucket=5,
格力干衣机烘干机家用双层衣柜风干机宝宝专用衣服烘衣机NFA-12A,268.00,2,安耕电器专营店,http://detail.tmall.com/item.htm?id=41623201818&ns=1&abbucket=5,
Bear/小熊HGJ-A08A1宝宝衣服烘干机家用干衣机杀菌除螨迷你小型,599.00,5,淘我电器专营店,http://detail.tmall.com/item.htm?id=45695964199&ns=1&abbucket=5,
Haier/海尔GDZA5-61滚筒排气式干衣机,1438.00,2,华克斯电器专营店,http://detail.tmall.com/item.htm?id=19011374598&ns=1&abbucket=5,
Panasonic/松下NH45-19T干衣机家用滚筒大容量烘衣机烘干机包邮,2299.00,4,松下洗衣机官方旗舰店,http://detail.tmall.com/item.htm?id=35424575926&ns=1&abbucket=5
干衣机家用静音德尔玛R8衣服烘干机衣物风干机烘干器包邮,199.00,4,搜康电器专营店,http://detail.tmall.com/item.htm?id=38328859817&ns=1&abbucket=5,
天骏TJ-1A-ZNY干衣机双层烘干机家用静音宝宝专用衣服烘干机,248.00,2,天骏哥登专卖店,http://detail.tmall.com/item.htm?id=41551326946&ns=1&abbucket=5,
圆形干衣机30根毛巾架天骏干衣机TJ-1A-JYⅡ烘衣机烘干机,248.00,3,天骏旗舰店,http://detail.tmall.com/item.htm?id=13434172608&ns=1&abbucket=5,
【加长加宽】天骏小天使家用双层干衣机TJ-1A-JF(II)烘衣机包邮,328.00,3,天骏旗舰店,http://detail.tmall.com/item.htm?id=17602143507&ns=1&abbucket=5,
天骏TJ-210M双层干衣机衣服烘干机暖风烘衣机静音家用款,208.00,2,天骏哥登专卖店,http://detail.tmall.com/item.htm?id=36887504592&ns=1&abbucket=5,
天骏小天使干衣机烘干机TJ-1A-JY(II)双层干衣机配30根毛巾架,328.00,1,五灵电器专营店,http://detail.tmall.com/item.htm?id=8450709515&ns=1&abbucket=5,
西格玛sigma不锈钢滚筒式家用包邮干衣机烘干机烘衣机,1780.00,3,sigma西格玛旗舰店,http://detail.tmall.com/item.htm?id=37421868123&ns=1&abbucket=5,
西格玛sigma不锈钢滚筒式干衣机家商用烘衣机烘干机全国联保,4880.00,2,sigma西格玛旗舰店,http://detail.tmall.com/item.htm?id=37401890472&ns=1&abbucket=5,
志高干衣机ZG09G烘衣机家用遥控方形双层烘干机超静音杀菌,229.00,14,志高纳贝尔专卖店,http://detail.tmall.com/item.htm?id=43518191531&ns=1&abbucket=5,
高端格力干衣机家用静音NFA-20干机烘衣机暖衣柜可折叠省电包邮,298.00,4,圣至诚电器专营店,http://detail.tmall.com/item.htm?id=13236903135&ns=1&abbucket=5,
艾美特干衣机HGY907P超静音烘衣机家用宝宝衣服烘干机正品特价,279.00,4,康力斯电器专营店,http://detail.tmall.com/item.htm?id=37664841835&ns=1&abbucket=5,
飞利浦家用宝宝烘干机除菌机婴儿大人衣物衣服专用干衣机GC920,1999.00,1,philips虎辉专卖店,http://detail.tmall.com/item.htm?id=43538593646&ns=1&abbucket=5,
艾美特HGY1503干衣机烘干机宝宝专用烘衣机家用双层静音可折叠,399.00,3,奥越电器专营店,http://detail.tmall.com/item.htm?id=35260512415&ns=1&abbucket=5,
天骏TJ-210M双层干衣机衣服烘干机家用暖风烘衣机简易便携干衣机,189.00,2,千寻电器专营店,http://detail.tmall.com/item.htm?id=41209306358&ns=1&abbucket=5,
小熊暖被机干衣机家用宝宝专用暖风机多功能烘干机节能DNQ-208WA,499.00,2,淘我电器专营店,http://detail.tmall.com/item.htm?id=42178550717&ns=1&abbucket=5,
奥德尔HF-10B单双层两用干衣机方形家用衣服烘干烘衣机加长加宽,199.00,1,拓尚电器专营店,http://detail.tmall.com/item.htm?id=22315715076&ns=1&abbucket=5,
德尔玛R10干衣机家用静音衣服烘干机衣物风干机烘干器升级,278.00,1,搜康电器专营店,http://detail.tmall.com/item.htm?id=37969188016&ns=1&abbucket=5,
韩国Samuco/尚美佳家用烘干机宝宝专用静音省电紫光杀菌干衣机,898.00,1,斯盖电器专营店,http://detail.tmall.com/item.htm?id=35430105360&ns=1&abbucket=5,
迈向干衣机家用小宝宝天鹅衣服物干衣柜烘衣机烘干器风干机烘干机,169.00,2,迈向旗舰店,http://detail.tmall.com/item.htm?id=44251437824&ns=1&abbucket=5,
格力小太阳干衣机GSP20大容量烘干静音稳定正品特价包邮,980.00,2,格力白书专卖店,http://detail.tmall.com/item.htm?id=16884996413&ns=1&abbucket=5,
尚动干衣机家用方形双层烘干机宝宝专用烘衣机静音烘干机b409e,198.00,3,尚动旗舰店,http://detail.tmall.com/item.htm?id=41884901425&ns=1&abbucket=5,
天骏TJ-1A-JF(II)双层干衣机家用小天使烘衣机方形加长加宽,288.00,1,华浪电器专营店,http://detail.tmall.com/item.htm?id=20723040955&ns=1&abbucket=5,
美菱雅美娜干衣机静音家用烘干机双层风干器烘衣柜大容量干燥机,198.00,0,雅美娜雅典娜专卖店,http://detail.tmall.com/item.htm?id=40856369258&ns=1&abbucket=5,
天骏小天使干衣机TJ-2A(II)变频带遥控双层静音烘干机快干王,378.00,2,天骏哥登专卖店,http://detail.tmall.com/item.htm?id=36876341858&ns=1&abbucket=5,
天骏干衣机TJ-1A-ZNF双层烘干机家用静音宝宝专用烘衣机包邮,248.00,3,天骏旗舰店,http://detail.tmall.com/item.htm?id=41641676684&ns=1&abbucket=5,
天骏TJ-SM380遥控烘干机家用双层干衣机静音UV杀菌宝宝包邮,368.00,2,天骏旗舰店,http://detail.tmall.com/item.htm?id=41685133336&ns=1&abbucket=5,
Littleswan/小天鹅TH60-Z0206kg公斤滚筒干衣机家用烘衣烘干机,1298.00,18,沙园电器专营店,http://detail.tmall.com/item.htm?id=43512722174&ns=1&abbucket=5,
SIEMENS/西门子WD12G4C01W8公斤洗衣干衣机立体烘干全自动滚筒,5599.00,16,西门子博海升专卖店,http://detail.tmall.com/item.htm?id=44994168458&ns=1&abbucket=5,
格力干衣机烘衣机双层NFA-20-WG家用衣柜式烘干器可折叠暖风机,318.00,7,格力威铭专卖店,http://detail.tmall.com/item.htm?id=35680004963&ns=1&abbucket=5,
SIEMENS/西门子WD12G4C01W8公斤洗衣干衣机立体烘干全自动滚筒,5600.00,5,西门子博海升专卖,http://detail.tmall.com/item.htm?id=520272141893&ns=1&abbucket=5,
SIEMENS/西门子XQG80-WD12G4681W8公斤洗衣干衣机立体烘干滚筒,6990.00,4,西门子博海升专卖,http://detail.tmall.com/item.htm?id=45271387657&ns=1&abbucket=5,
SIEMENS/西门子XQG75-WD15H5681W滚筒洗衣干衣机全自动带烘干,7999.00,29,西门子庆顺专卖店,http://detail.tmall.com/item.htm?id=42171442313&ns=1&abbucket=5,
IRIS/爱丽思防晒干衣机暖被机烘鞋器烘干机烘衣机家用干燥除湿机,368.00,4,幸辉小家电专营店,http://detail.tmall.com/item.htm?id=45019497039&ns=1&abbucket=5,
CTT干衣机专用干衣机挂墙组件4kg6kg干衣机专用,20.00,4,ctt电器旗舰店,http://detail.tmall.com/item.htm?id=16853978566&ns=1&abbucket=5,
Midea/美的MH60-Z0036公斤衣服烘干机除螨滚筒式干衣机家用,998.00,106,美的官方旗舰店,http://detail.tmall.com/item.htm?id=44125466251&ns=1&abbucket=5,
干衣机滚筒式烘干机家用静音Littleswan/小天鹅TH60-Z020,1498.00,1,百业电器专营店,http://detail.tmall.com/item.htm?id=44101919766&ns=1&abbucket=5,
西格玛干衣机专用进风口过滤棉,3.00,5,sigma西格玛旗舰店,http://detail.tmall.com/item.htm?id=38911953224&ns=1&abbucket=5,
欧井OJ161E除湿机家用静音抽湿吸湿器干衣地下室净化去潮干燥净化,699.00,3856,欧井欧岛专卖店,http://detail.tmall.com/item.htm?id=36878544093&ns=1&abbucket=5,
Littleswan/小天鹅TH60-Z020欧式6公斤/kg智能家用干衣机烘干机,1098.00,56,小天鹅官方旗舰店,http://detail.tmall.com/item.htm?id=43168413340&ns=1&abbucket=5,
欧井WIFI除湿机OJ162E除湿机家用静音抽湿吸湿器抽湿机地下室干衣,899.00,262,欧井莱孚专卖店,http://detail.tmall.com/item.htm?id=44181274223&ns=1&abbucket=5,
美菱除湿机抽湿机家用静音大功率地下室除湿器抽湿吸湿干燥机干衣,1160.00,358,美菱小鱼专卖店,http://detail.tmall.com/item.htm?id=44819688231&ns=1&abbucket=5,
SIEMENS/西门子XQG80-WD12G4601W变频洗干一体干衣机8kg洗衣机,5790.00,100,西门子家电官方旗舰店,http://detail.tmall.com/item.htm?id=45467912866&ns=1&abbucket=5,
飞利浦官方旗舰店高效智能干衣自动除霜除湿机DE4201正品包邮,1998.00,23,飞利浦官方旗舰店,http://detail.tmall.com/item.htm?id=39967871242&ns=1&abbucket=5,
新品巨献欧井OJ162E除湿机家用静音抽湿吸湿干衣干燥机净化空气,899.00,134,欧井欧岛专卖店,http://detail.tmall.com/item.htm?id=43848173097&ns=1&abbucket=5
美菱除湿机家用抽湿机静音吸湿器地下室除湿器干衣净化吸湿MD-01,278.00,46,美菱康欣专卖店,http://detail.tmall.com/item.htm?id=44899854222&ns=1&abbucket=5,
格力TOSOT除湿机除湿器DH20EB升级版DH20EH家用静音干衣抽湿机,1818.00,16,杨铭电器专营店,http://detail.tmall.com/item.htm?id=520210501500&ns=1&abbucket=5,
夏普除湿机家用空气净化器消毒DW-CE15F-W干衣抽湿机吸湿比宜盾普,2499.00,96,荣拓电器专营店,http://detail.tmall.com/item.htm?id=43784294071&ns=1&abbucket=5,
艾美特浴室暖风机防水HP20004家用取暖器节能省电居浴两用干衣机,229.00,15,艾美特电器旗舰店,http://detail.tmall.com/item.htm?id=17831675122&ns=1&abbucket=5,
艾美特除湿机DM2006家用抽湿机静音除湿器地下室吸湿机可干衣,1999.00,10,艾美特国煌专卖店,http://detail.tmall.com/item.htm?id=43936486704&ns=1&abbucket=5,
美菱家用除湿机抽湿机静音吸湿抽湿器地下室干燥机干衣净化MD-16E,658.00,35,美菱康欣专卖店,http://detail.tmall.com/item.htm?id=45087042455&ns=1&abbucket=5,
Delonghi/德龙DEC100德龙除湿机家用抽湿机抽湿器地下室静音干衣,1480.00,76,delonghi易佰购专卖店,http://detail.tmall.com/item.htm?id=43917597591&ns=1&abbucket=5,
Midea/美的CF10BD/N3-DG除湿机抽湿机家用干衣吸湿车库地下室静音,1480.00,21,美的酷邦专卖店,http://detail.tmall.com/item.htm?id=44580737430&ns=1&abbucket=5,
Midea/美的CF9BD/N3-T1除湿机抽湿机家用干衣吸湿车库地下室静音,899.00,31,美的酷邦专卖店,http://detail.tmall.com/item.htm?id=44598740825&ns=1&abbucket=5,
东信DX-826D除湿机家用静音除湿器地下室抽湿器净化干衣防潮抽湿,888.00,67,东信旗舰店,http://detail.tmall.com/item.htm?id=19604374427&ns=1&abbucket=5,
【拍下有惊喜】欧井OJ161E除湿机家用静音抽湿器干衣地下室净化,699.00,13,小冰火人旗舰店,http://detail.tmall.com/item.htm?id=44008354195&ns=1&abbucket=5,
美菱大功率除湿机家用静音地下室除湿器去湿抽湿吸湿机净化干衣28,1160.00,10,美菱翁格玛利专卖店,http://detail.tmall.com/item.htm?id=44906476823&ns=1&abbucket=5,
艾美特除湿机家用静音抽湿吸湿器干衣地下室空气净化,1499.00,7,艾美特华安专卖店,http://detail.tmall.com/item.htm?id=43661644166&ns=1&abbucket=5,
TCL除湿机抽湿机家用除湿器静音地下室吸湿器干衣机DES12升DEC18,1299.00,179,tcl诚迅盛达专卖店,http://detail.tmall.com/item.htm?id=35137476786&ns=1&abbucket=5,
TCL家用除湿机静音抽湿干衣防潮防霉净化抽湿器DES14E包邮,1399.00,15,tcl小家电旗舰店,http://detail.tmall.com/item.htm?id=45576251274&ns=1&abbucket=5,
松京DH01-T家用除湿机除湿器抽湿机地下室静音抽湿梅雨天干衣,1080.00,12,松京湿克专卖店,http://detail.tmall.com/item.htm?id=520306362324&ns=1&abbucket=5,
Delonghi/德龙DDSE25除湿机家用地下室抽湿机吸湿器干衣除湿,3680.00,12,delonghi德龙旗舰店,http://detail.tmall.com/item.htm?id=44798734667&ns=1&abbucket=5,
新典除湿机家用静音抽湿器地下室净化吸湿器小型干衣干燥机,699.00,121,新典旗舰店,http://detail.tmall.com/item.htm?id=38782053741&ns=1&abbucket=5,
松岛除湿机抽湿机静音干衣干燥机抽湿器去湿器SD-268正品7bFcfNAd,1158.00,97,松岛旗舰店,http://detail.tmall.com/item.htm?id=35443186003&ns=1&abbucket=5,
夏普除湿机家用净化DW-D20HZ-W静音干衣别墅抽湿机吸湿器比宜盾普,2499.00,24,荣拓电器专营店,http://detail.tmall.com/item.htm?id=38335728766&ns=1&abbucket=5,
松岛抽湿机家用除湿机静音除湿器抽湿器地下室梅雨天干衣杀菌净化,688.00,95,松岛旗舰店,http://detail.tmall.com/item.htm?id=40573571701&ns=1&abbucket=5,
现货（触摸屏）欧井OJ162E除湿机家用静音抽湿吸湿器抽湿干衣净化,798.00,187,欧井振赫专卖店,http://detail.tmall.com/item.htm?id=45050244124&ns=1&abbucket=5,
夏普除湿机家用CFJ-15SW抽湿器/除湿器空气净化干衣脱臭防霉,2099.00,15,夏普润之硕专卖店,http://detail.tmall.com/item.htm?id=41270354908&ns=1&abbucket=5,
欧井OJ202E除湿机家用静音抽湿机除湿器客厅吸湿干衣净化,988.00,6,欧井莱孚专卖店,http://detail.tmall.com/item.htm?id=43021696672&ns=1&abbucket=5,
夏普除湿机家用空气净化一体机静音DW-CE15F-W干衣抽湿器干燥机,2499.00,30,瑞东数码专营店,http://detail.tmall.com/item.htm?id=43917377304&ns=1&abbucket=5,
湿腾ST-826BE家用除湿机地下室抽湿机静音抽湿器除湿器干衣净化,1880.00,11,湿腾除湿机旗舰店,http://detail.tmall.com/item.htm?id=25007580375&ns=1&abbucket=5,
SIEMENS/西门子XQG80-WD12G4681W8KG滚筒洗干衣机带烘干全自动,6390.00,5,西门子威尔康赛专卖店,http://detail.tmall.com/item.htm?id=520254356253&ns=1&abbucket=5,
Bosch/博世XQG75-WVH284601W滚筒洗衣机干衣机洗干烘干机,5998.00,19,博世鹏达专卖店,http://detail.tmall.com/item.htm?id=43771586614&ns=1&abbucket=5,
东信DX-820D除湿机家用静音抽湿地下室抽湿器吸湿器干衣除湿器,799.00,206,东信旗舰店,http://detail.tmall.com/item.htm?id=45520846562&ns=1&abbucket=5,
美菱除湿机抽湿机家用商用抽湿器别墅仓库地下室抽湿器干衣MD-65E,2999.00,3,美菱小鱼专卖店,http://detail.tmall.com/item.htm?id=44801585746&ns=1&abbucket=5,
松京家用抽湿机除湿机除湿器地下室静音抽湿回南天干衣,988.00,10,松京湿克专卖店,http://detail.tmall.com/item.htm?id=44518679570&ns=1&abbucket=5,
松京家用抽湿机除湿机除湿器静音抽湿地下室回南天干衣杀菌净化,799.00,4,松京华心城专卖店,http://detail.tmall.com/item.htm?id=44604056389&ns=1&abbucket=5,
新典除湿机家用抽湿机净化除湿器卧室房间静音吸湿器干衣机干燥机,799.00,8,新典旗舰店,http://detail.tmall.com/item.htm?id=520377027828&ns=1&abbucket=5,
欧井OJ161E除湿机家用抽湿机除湿器静音干衣地下室吸湿器净化空气,688.00,559,欧井英勇专卖店,http://detail.tmall.com/item.htm?id=43904528254&ns=1&abbucket=5,
欧井OJ582E除湿机家用干衣静音抽湿机地下室除湿器吸湿机仓库除潮,1980.00,8,松井电器专营店,http://detail.tmall.com/item.htm?id=44940319409&ns=1&abbucket=5,
欧井OJ202E家用除湿机静音抽湿机除湿客厅卧室房除湿干衣,988.00,69,欧井欧岛专卖店,http://detail.tmall.com/item.htm?id=36428497753&ns=1&abbucket=5,
松京DH02除湿机家用抽湿除湿器静音地下室干衣杀菌净化梅雨天,799.00,2628,松京湿克专卖店,http://detail.tmall.com/item.htm?id=43878190372&ns=1&abbucket=5,
TCL除湿机家用静音除湿器吸湿器干衣净化地下室抽湿机干燥DES16E,1699.00,41,福天电器专营店,http://detail.tmall.com/item.htm?id=37957704426&ns=1&abbucket=5,
日本森田多功能干衣机暖被机干被机烘被机除螨杀菌烘干机器仪家用,548.00,35,morita旗舰店,http://detail.tmall.com/item.htm?id=39913461167&ns=1&abbucket=5,
百奥HD161A家用除湿机静音吸湿器除湿器抽湿机干衣器空气净化器特,658.00,123,parkoo百奥旗舰店,http://detail.tmall.com/item.htm?id=35136108588&ns=1&abbucket=5,
百奥HD165A家用除湿机静音抽湿器地下室除湿器室内除湿机干衣机,699.00,268,parkoo百奥旗舰店,http://detail.tmall.com/item.htm?id=37184715437&ns=1&abbucket=5,
格力电暖器大松节省电家用取暖器暖风机干衣机冷暖风台式电风扇,238.00,25,伊灵电器专营店,http://detail.tmall.com/item.htm?id=42772270963&ns=1&abbucket=5,
德业除湿机家用干衣机抽湿机客厅抽湿器地下室除湿器DYD-F20A3,1588.00,40,德业峰科专卖店,http://detail.tmall.com/item.htm?id=39189281229&ns=1&abbucket=5,
德业除湿机家用抽湿器静音地下室除湿器干衣吸湿抽湿机DYD-E12A3,899.00,35,德业顺盈专卖店,http://detail.tmall.com/item.htm?id=44201986609&ns=1&abbucket=5
德业除湿机家用静音抽湿机卧室除湿器干衣抽湿器DYD-N20A3,1688.00,15,德业电器旗舰店,http://detail.tmall.com/item.htm?id=45678616264&ns=1&abbucket=5,
贝菱BL-860D除湿机家用抽湿机静音除湿器地下室吸湿机干衣除湿,2480.00,76,贝菱旗舰店,http://detail.tmall.com/item.htm?id=14694198014&ns=1&abbucket=5,
百奥除湿机HD161A抽湿机除湿器干燥机家用静音干衣地下室防潮霉,628.00,98,千樱电器专营店,http://detail.tmall.com/item.htm?id=45696177614&ns=1&abbucket=5,
百奥除湿机家用YDA-826E除湿器抽湿机静音抽湿器地下室吸湿干衣,1080.00,23,千樱电器专营店,http://detail.tmall.com/item.htm?id=45649498819&ns=1&abbucket=5,
艾美特取暖器家用电暖器电热油汀电暖气节能省电干衣机13片静音,429.00,4,艾美特电器旗舰店,http://detail.tmall.com/item.htm?id=40845611578&ns=1&abbucket=5,
TER顺丰包邮除湿机家用静音抽湿器仓库吸湿器干燥机地下室干衣机,599.00,28,ter美领世家专卖店,http://detail.tmall.com/item.htm?id=42836838757&ns=1&abbucket=5,
百奥HD161A家用除湿机静音抽湿器地下室除湿器室内除湿机干衣机,658.00,24,百奥耕天专卖店,http://detail.tmall.com/item.htm?id=43508137523&ns=1&abbucket=5,
小艾CF20DA1除湿机家用静音抽湿吸湿器干衣地下室除湿器去湿机,288.00,13,小艾电器旗舰店,http://detail.tmall.com/item.htm?id=45589065677&ns=1&abbucket=5,
安仕大功率地下室除湿机抽湿机除湿器干燥机吸湿家用静音干衣620E,658.00,41,安仕康欣专卖店,http://detail.tmall.com/item.htm?id=38315403724&ns=1&abbucket=5,
SIEMENS/西门子XQG80-WD12G4601W变频洗干一体干衣机8kg洗衣机,5699.00,16,siemens蕴通专卖店,http://detail.tmall.com/item.htm?id=45783033789&ns=1&abbucket=5,
艾美特除湿机家用静音抽湿器吸湿器干衣地下室吸湿空气净化分期购,1999.00,4,艾美特华安专卖店,http://detail.tmall.com/item.htm?id=43587631539&ns=1&abbucket=5,
活仕除湿机10BD升级版WDF11DE家用卧室地下室抽湿机吸湿器带干衣,1399.00,16,穆勒电器专营店,http://detail.tmall.com/item.htm?id=43718869389&ns=1&abbucket=5,
TCL家用除湿器静音抽湿机湿度控制杀菌净化干衣防潮防霉DES16E,1699.00,9,tcl小家电旗舰店,http://detail.tmall.com/item.htm?id=43783035909&ns=1&abbucket=5,
众有DH-616A家用小型除湿机静音车库地下室空气吸湿器干衣防霉,780.00,32,众有电器专营店,http://detail.tmall.com/item.htm?id=38025465676&ns=1&abbucket=5,
志高ZDS20-201除湿机家用抽湿机静音除湿器地下室吸湿机干衣除湿,1599.00,1,赵记电器专营店,http://detail.tmall.com/item.htm?id=520063717329&ns=1&abbucket=5,
吉母挂烫机高端家用衣服熨烫机蒸汽熨斗烘熨合双杆挂式熨烫干衣机,399.00,93,吉母旗舰店,http://detail.tmall.com/item.htm?id=45683524273&ns=1&abbucket=5,
百奥除湿机家用静音抽湿器地下室除湿器干衣吸湿抽湿机YDA-828E,1388.00,8,百奥耕天专卖店,http://detail.tmall.com/item.htm?id=520054365026&ns=1&abbucket=5,
TCLDES14家用除湿器静音抽湿机干衣地下室吸湿器杀菌防霉净化,1299.00,3,tcl小家电旗舰店,http://detail.tmall.com/item.htm?id=44241862629&ns=1&abbucket=5,
Bosch/博世XQG75-WVH284601W滚筒洗衣机干衣机洗衣干衣一体机,6299.00,5,bosch庆顺专卖店,http://detail.tmall.com/item.htm?id=37735515824&ns=1&abbucket=5,
众有DH-822B除湿机家用静音抽湿吸湿器干衣地下室空气净化大功率,1199.00,28,众有电器专营店,http://detail.tmall.com/item.htm?id=14817685761&ns=1&abbucket=5,
TCL除湿机抽湿机家用除湿器静音地下室吸湿器机干衣干燥机器DES14,1399.00,2,tcl诚迅盛达专卖店,http://detail.tmall.com/item.htm?id=44234808007&ns=1&abbucket=5,
SIEMENS/西门子XQG80-WD12G4601W变频烘干一体干衣机8kg洗衣机,5699.00,3,西门子苏常专卖店,http://detail.tmall.com/item.htm?id=520267661259&ns=1&abbucket=5,
欧井OJ400E除湿机家用地下室抽湿器静音抽湿机吸湿干衣净化工业,1880.00,3,欧井欧岛专卖店,http://detail.tmall.com/item.htm?id=37480482120&ns=1&abbucket=5,
CTT干衣机专用出风口排气管可伸缩软管干衣机配件,30.00,21,ctt电器旗舰店,http://detail.tmall.com/item.htm?id=17968988881&ns=1&abbucket=5,
东信DX-26A除湿机家用静音抽湿机地下室吸湿抽湿器除湿器干衣,899.00,17,东信旗舰店,http://detail.tmall.com/item.htm?id=21256287263&ns=1&abbucket=5,
TCL全智能液晶除湿机家用静音抽湿机干衣杀菌干燥机DES12E,1399.00,2,诺迅电器专营店,http://detail.tmall.com/item.htm?id=22600660797&ns=1&abbucket=5,
SIEMENS/西门子WT46B200TI家用滚筒干衣机烘干机原装进口,6299.00,4,西门子庆顺专卖店,http://detail.tmall.com/item.htm?id=37824000912&ns=1&abbucket=5,
Bear/小熊CSJ-A02G1抽湿机家用静音除湿机干衣机净化,799.00,2,小熊明朗专卖店,http://detail.tmall.com/item.htm?id=44429802295&ns=1&abbucket=5,
morita/森田日本暖被机配套多功能衣架万能衣架干衣袋衣物干燥袋,88.00,7,morita旗舰店,http://detail.tmall.com/item.htm?id=35341677481&ns=1&abbucket=5,
夏普除湿机家用空气净化器静音DW-CE15F-W除菌干衣抽湿器干燥机,2499.00,8,东莞富兰克林电器店,http://detail.tmall.com/item.htm?id=44448412683&ns=1&abbucket=5,
意大利Delonghi/德龙DNC65超静音家用除湿抽湿机地下室干衣除湿,2990.00,2,delonghi德龙旗舰店,http://detail.tmall.com/item.htm?id=19523683918&ns=1&abbucket=5,
夏普除湿机DW-D20HZ-W抽湿机器去湿防潮干衣家用有15SW,2499.00,4,龙驰电器专营店,http://detail.tmall.com/item.htm?id=37804975225&ns=1&abbucket=5,
格力大松除湿机干衣静音地下室除湿机家用静音抽湿器吸湿机DH40EH,2480.00,10,悦联电器专营店,http://detail.tmall.com/item.htm?id=44317136763&ns=1&abbucket=5,
HYUNDAI/现代T65-2886.5KG单筒脱水机甩干机漂洗机干衣机,228.00,8,荣琪电器专营店,http://detail.tmall.com/item.htm?id=43475805141&ns=1&abbucket=5,
松京家用抽湿机除湿机干燥机杀菌抽湿吸湿地下室回南天干衣,1080.00,4,松京华心城专卖店,http://detail.tmall.com/item.htm?id=44541486484&ns=1&abbucket=5,
TOSOT/大松格力干衣地下室除湿机家用静音抽湿器吸湿机DH20EC,1880.00,3,tosot盛世欣兴格力专卖店,http://detail.tmall.com/item.htm?id=43589906182&ns=1&abbucket=5,
贝菱BL-819D除湿机家用抽湿机静音除湿器地下室吸湿机干衣除湿,1580.00,36,贝菱旗舰店,http://detail.tmall.com/item.htm?id=24939756529&ns=1&abbucket=5,
欧井OJ161E除湿机家用吸抽湿器静音干衣地下室干燥机回南天除湿器,799.00,1,欧井莱孚专卖店,http://detail.tmall.com/item.htm?id=43003409923&ns=1&abbucket=5,
欧井OJ161E除湿机家用静音抽湿吸湿器干衣地下室净化空气干燥机,699.00,5,罡毓电器专营店,http://detail.tmall.com/item.htm?id=520375467857&ns=1&abbucket=5,
TERT-CS12A除湿机家用静音抽湿地下室抽湿器祛湿干衣机干燥,659.00,4,ter泰瑞达专卖店,http://detail.tmall.com/item.htm?id=520265564168&ns=1&abbucket=5,
Bosch/博世XQG80-WDG244601W家用全自动滚筒洗衣机干衣机一体机,5199.00,3,bosch庆顺专卖店,http://detail.tmall.com/item.htm?id=520139290508&ns=1&abbucket=5,
欧井OJ582E除湿机家用干衣静音抽湿机地下室除湿器吸湿机仓库除潮,1980.00,1,欧井莱孚专卖店,http://detail.tmall.com/item.htm?id=43020436860&ns=1&abbucket=5,
松京抽湿机家用除湿机除湿器抽湿器干燥机地下室干衣静音大功率,799.00,5,松京电器旗舰店,http://detail.tmall.com/item.htm?id=43948790397&ns=1&abbucket=5,
SIEMENS/西门子WD14H368TI立体烘干洗衣干衣机滚筒全自动,5990.00,1,西门子博海升专卖店,http://detail.tmall.com/item.htm?id=15872090053&ns=1&abbucket=5
百奥除湿机家用抽湿器静音地下室除湿器干衣吸湿抽湿机HD-165A,688.00,13,parkoo百奥旗舰店,http://detail.tmall.com/item.htm?id=43943165612&ns=1&abbucket=5,
百奥YDA-828E除湿机家用抽湿机静音除湿器地下室吸湿机干衣除湿,1388.00,22,parkoo百奥旗舰店,http://detail.tmall.com/item.htm?id=45772631773&ns=1&abbucket=5,
TCLDES12除湿机家用静音抽湿器干衣机防潮杀菌空气净化免邮,999.00,3,tcl小家电旗舰店,http://detail.tmall.com/item.htm?id=38834635774&ns=1&abbucket=5,
【云智能】欧井OJ209E除湿机家用静音除湿器干衣净化回南天WIFI,1780.00,3,欧井欧岛专卖店,http://detail.tmall.com/item.htm?id=44276142500&ns=1&abbucket=5,
百奥除湿机HD381A家用抽湿机静音除湿器地下室吸燥机干衣防潮,1688.00,6,千樱电器专营店,http://detail.tmall.com/item.htm?id=45697913189&ns=1&abbucket=5,
浦力适空气净化器空净除湿机干衣一体机家用除甲醛除湿哆哆,3488.00,4,purest浦力适旗舰店,http://detail.tmall.com/item.htm?id=44938683143&ns=1&abbucket=5,
TER迷你除湿机家用衣柜除湿器抽湿机净化器档案室抽湿干衣机,199.00,5,ter旗舰店,http://detail.tmall.com/item.htm?id=42947692907&ns=1&abbucket=5,
DOROSIN除湿机家用抽湿机静音除湿器地下室抽湿器干燥机干衣包邮,599.00,2,多乐信广州专卖店,http://detail.tmall.com/item.htm?id=43887962053&ns=1&abbucket=5,
LEXY/莱克DH3011家用地下室除湿机抽湿机除湿器吸湿杀菌干衣正品,2699.00,2,博哲电器专营店,http://detail.tmall.com/item.htm?id=18060093667&ns=1&abbucket=5,
多乐信新款除湿机多乐信家用静音抽湿器干衣净化别墅地下室抽湿机,2060.00,2,多乐信广州专卖店,http://detail.tmall.com/item.htm?id=43941121532&ns=1&abbucket=5,
Panasonic/松下家用滚筒干衣机专用支架NG-2商城正品壁挂式,228.00,4,金松电器专营店,http://detail.tmall.com/item.htm?id=37341037186&ns=1&abbucket=5,
松京DH01家用抽湿机除湿机除湿器静音抽湿地下室回南天干衣,988.00,5,松京电器旗舰店,http://detail.tmall.com/item.htm?id=44542002743&ns=1&abbucket=5,
2015款夏普除湿机/抽湿机/净离子功能/20升/DW-D20HZ-W干衣抑菌,2450.00,1,东莞富兰克林电器店,http://detail.tmall.com/item.htm?id=43818234779&ns=1&abbucket=5,
格力TOSOT除湿机除湿器DH20EB升级版DH20EH抽湿器家用静音干衣,1980.00,6,tosot威铭专卖店,http://detail.tmall.com/item.htm?id=44287934441&ns=1&abbucket=5,
百奥除湿机HD201A家用静音抽湿去湿器干燥器干衣客厅卧室吸湿包邮,898.00,1,飞诺电器专营店,http://detail.tmall.com/item.htm?id=44147573554&ns=1&abbucket=5,
格力大松除湿机干衣静音地下室除湿机家用静音抽湿器吸湿机DH40EF,2680.00,4,悦联电器专营店,http://detail.tmall.com/item.htm?id=44220425316&ns=1&abbucket=5,
百奥除湿机家用抽湿器静音地下室除湿器干衣吸湿抽湿机HD165A,678.00,2,千樱电器专营店,http://detail.tmall.com/item.htm?id=45716804077&ns=1&abbucket=5,
夏普除湿机家用空气净化器静音DW-CE15F-W除菌干衣抽湿器干燥机,2499.00,2,sharp元璞专卖店,http://detail.tmall.com/item.htm?id=44098235282&ns=1&abbucket=5,
百奥除湿机家用静音抽湿器地下室除湿器干衣吸湿抽湿机HD381A,1780.00,10,百奥耕天专卖店,http://detail.tmall.com/item.htm?id=43472490915&ns=1&abbucket=5,
好太太干衣机GW-001,369.00,2,好太太官方旗舰店,http://detail.tmall.com/item.htm?id=37880668459&ns=1&abbucket=5,
美菱环保除湿机家用静音抽湿机地下室仓库除湿抽湿器吸湿器干衣,998.00,3,雅美娜电器专营店,http://detail.tmall.com/item.htm?id=37931637703&ns=1&abbucket=5,
安仕空气除湿机抽湿机家用地下室抽湿器干燥机静音净化干衣305M,278.00,3,安仕星淘专卖店,http://detail.tmall.com/item.htm?id=41335863239&ns=1&abbucket=5,
Panasonic/松下家用滚筒干衣机专用支架NG-1商城正品,328.00,3,金松电器专营店,http://detail.tmall.com/item.htm?id=14597164771&ns=1&abbucket=5,
益当家干衣机主机烘干机暖风机风干机主机质量问题一年换新机特价,98.00,2,如益电器专营店,http://detail.tmall.com/item.htm?id=18846659050&ns=1&abbucket=5,
TERT-CS008B迷你除湿机家用静音除湿机抽湿机抽湿器包邮干衣机,199.00,1,ter旗舰店,http://detail.tmall.com/item.htm?id=42949252044&ns=1&abbucket=5,
欧井家用WIFI除湿机OJ162E除湿机静音抽湿吸湿器抽湿机地下室干衣,899.00,0,罡毓电器专营店,http://detail.tmall.com/item.htm?id=520463771230&ns=1&abbucket=5,
升级版JHS抽湿机家用除湿机除湿器吸湿机抽湿器地下室干衣静音,799.00,3,jhs金鸿盛专卖店,http://detail.tmall.com/item.htm?id=45441544398&ns=1&abbucket=5,
CTT滚筒式干衣机专用移动辅助轮辅助万向轮,42.00,2,ctt电器旗舰店,http://detail.tmall.com/item.htm?id=39635329780&ns=1&abbucket=5,
包邮TER除湿机家用静音抽湿器地下室除湿干燥机除湿器干衣,599.00,3,ter泰瑞达专卖店,http://detail.tmall.com/item.htm?id=43851396143&ns=1&abbucket=5,
CTT干衣机专用4公斤/6公斤专用出风口过滤网,30.00,4,ctt电器旗舰店,http://detail.tmall.com/item.htm?id=21577411638&ns=1&abbucket=5,
Bosch/博世XQG75-WVH305681W洗烘一体机全自动滚筒洗衣机干衣机,9799.00,0,博世家电官方旗舰店,http://detail.tmall.com/item.htm?id=37654845660&ns=1&abbucket=5,
仟井除湿机TH-12CSH家用抽湿机净化除湿器静音吸湿器干衣机干燥机,1498.00,5,仟井旗舰店,http://detail.tmall.com/item.htm?id=43674911741&ns=1&abbucket=5,
仟岛除湿机BD-826B家用除湿器静音除湿机房间快速去湿干衣除湿,2688.00,4,仟岛电器旗舰店,http://detail.tmall.com/item.htm?id=44130326734&ns=1&abbucket=5,
澳普瑞DH-828ET家用干衣除湿机除湿器抽湿器地下室静音大功率,986.00,3,澳普瑞电器旗舰店,http://detail.tmall.com/item.htm?id=17880438659&ns=1&abbucket=5,
安仕家用除湿机抽湿器大功率地下室除湿器抽湿机去湿干衣净化620E,658.00,4,安仕旗舰店,http://detail.tmall.com/item.htm?id=520037057663&ns=1&abbucket=5,
升井除湿机家用卧室静音客厅地下室抽湿吸湿干衣空气净化器SJ231,638.00,4,升井制造旗舰店,http://detail.tmall.com/item.htm?id=38932652612&ns=1&abbucket=5,
ALPICAIR艾凯除湿机抽湿机家用静音除湿器抽湿器快速干衣防潮,1399.00,2,alpicair旗舰店,http://detail.tmall.com/item.htm?id=43643735606&ns=1&abbucket=5,
康标滚筒干衣机专用出风口过滤棉,12.00,4,konbuy康标旗舰店,http://detail.tmall.com/item.htm?id=37310935431&ns=1&abbucket=5,
欧森ELkankyo转轮除湿机家用除湿器抽湿机静音干衣定向除湿,2180.00,1,欧森旗舰店,http://detail.tmall.com/item.htm?id=43929267102&ns=1&abbucket=5,
袋鼠妈妈干衣机配件布套牛津布套防雨布套,40.00,2,ddmommy袋鼠妈妈旗舰店,http://detail.tmall.com/item.htm?id=43152882457&ns=1&abbucket=5,
升井除湿机家用卧室静音客厅地下室抽湿吸湿干衣空气净化器SJ281,1180.00,2,升井制造旗舰店,http://detail.tmall.com/item.htm?id=38922753014&ns=1&abbucket=5,
原装TOMONI暖被机/衣服烘干机/暖被器/家用型干衣袋,69.90,109,合如电器专营店,http://detail.tmall.com/item.htm?id=14826620952&ns=1&abbucket=5,
Haier/海尔GDZA5-61滚筒烘干机壁挂式/落地5公斤干衣机,1580.00,0,海尔智海专卖店,http://detail.tmall.com/item.htm?id=520499800325&ns=1&abbucket=5,
TOMONI干衣柜暖被机/干衣机/除螨机配件,98.00,71,合如电器专营店,http://detail.tmall.com/item.htm?id=19805760951&ns=1&abbucket=5
德业除湿机家用静音抽湿机卧室除湿器干衣抽湿器DYD-N20A3,1688.00,18,德业湿科专卖店,http://detail.tmall.com/item.htm?id=520280795278&ns=1&abbucket=5,
美菱环保雅美娜除湿器抽湿机工业仓库地下室家用智能干衣吸湿机,1080.00,6,雅美娜雅典娜专卖店,http://detail.tmall.com/item.htm?id=42422565811&ns=1&abbucket=5,
Panasonic松下F-YCJ10C家用除湿机10升强效干衣自动连续抽湿机,2298.00,2,panasonic盈华专卖店,http://detail.tmall.com/item.htm?id=44323790229&ns=1&abbucket=5,
川井除湿机家用除湿器DH-252B抽湿器干衣大功率干燥机静音地下室,1080.00,4,嘉轩电器专营店,http://detail.tmall.com/item.htm?id=14137508514&ns=1&abbucket=5,
SIEMENS/西门子WD12G4C01W或WD12G4601W洗衣烘干一体干衣机,5799.00,2,西门子沃孚专卖店,http://detail.tmall.com/item.htm?id=45441193139&ns=1&abbucket=5,
抽湿除湿机JHS28升家用地下室仓库工厂大面积抽湿除湿器干衣干燥,988.00,24,纽圣电器专营店,http://detail.tmall.com/item.htm?id=39494723803&ns=1&abbucket=5,
JHS除湿机家用抽湿器小型静音抽湿机吸湿器干衣除湿器特价D001B,688.00,3,福天电器专营店,http://detail.tmall.com/item.htm?id=16605166357&ns=1&abbucket=5,
JHS抽湿除湿机家用静音除湿器地下室抽湿器干衣金鸿盛仓库干燥机,978.00,2,福天电器专营店,http://detail.tmall.com/item.htm?id=39193212381&ns=1&abbucket=5,
美菱雅美娜家用除湿机静音大功率除湿器抽湿机吸湿干衣机抽湿器,668.00,4,雅美娜雅典娜专卖店,http://detail.tmall.com/item.htm?id=40845561635&ns=1&abbucket=5,
百奥除湿机家用除湿器抽湿机静音抽湿器地下室吸湿器干衣器,1288.00,9,parkoo百奥旗舰店,http://detail.tmall.com/item.htm?id=39389373579&ns=1&abbucket=5,
百奥PD160除湿机家用静音抽湿吸湿器干衣地下室空气净化天猫分期,980.00,2,parkoo百奥旗舰店,http://detail.tmall.com/item.htm?id=17575955759&ns=1&abbucket=5,
多乐信DR-260除湿机家用抽湿机静音除湿器地下室吸湿机干衣除湿,988.00,1,多乐信广州专卖店,http://detail.tmall.com/item.htm?id=45580683790&ns=1&abbucket=5,
TER工业除湿机大功率抽湿机静音除湿器地下室抽湿器干衣机,899.00,2,ter旗舰店,http://detail.tmall.com/item.htm?id=42611383485&ns=1&abbucket=5,
百奥除湿机PD220A家用静音抽湿机除湿器抽湿器干衣防潮干燥正品,1180.00,2,千樱电器专营店,http://detail.tmall.com/item.htm?id=45697657439&ns=1&abbucket=5,
TOMONI暖被机干衣配件八角架晾衣架,20.00,27,合如电器专营店,http://detail.tmall.com/item.htm?id=19029084411&ns=1&abbucket=5,
西格玛干衣机烘干机烘衣机专用出风口排气管可伸缩软管配件,29.00,6,sigma西格玛旗舰店,http://detail.tmall.com/item.htm?id=37857450563&ns=1&abbucket=5,
欧井除湿机OJ-152E家用抽湿机器卧室客厅书房静音去潮吸湿干衣,699.00,1,北斗恒远电器专营店,http://detail.tmall.com/item.htm?id=39979650025&ns=1&abbucket=5,
多乐信ER-1635除湿机家用抽湿机静音除湿器地下室吸湿机干衣除湿,1380.00,1822,多乐信旗舰店,http://detail.tmall.com/item.htm?id=43007221995&ns=1&abbucket=5,
Midea/美的MH60-Z0036公斤欧式智能家用滚筒式干衣机衣干即停,998.00,23,美的洗衣机旗舰店,http://detail.tmall.com/item.htm?id=44114017591&ns=1&abbucket=5,
TCL除湿机DH400P家用静音抽湿机干衣机大功率抽湿器地下室除湿器,2380.00,16,青岛荣信电器专营店,http://detail.tmall.com/item.htm?id=43484449849&ns=1&abbucket=5,
新款除湿机多乐信家用静音抽湿器干衣净化别墅地下室抽湿机,2160.00,28,多乐信旗舰店,http://detail.tmall.com/item.htm?id=44269994686&ns=1&abbucket=5,
SIEMENS/西门子WT46B200TI干衣机空气冷凝烘干机家用静音特价,6288.00,3,西门子威尔康赛专卖店,http://detail.tmall.com/item.htm?id=39337439623&ns=1&abbucket=5,
多乐信ER-1635除湿机家用抽湿机静音除湿器地下室吸湿机干衣除湿,1380.00,7,隆裕电器专营店,http://detail.tmall.com/item.htm?id=44388658555&ns=1&abbucket=5,
升级版JHS抽湿机家用除湿机除湿器吸湿机抽湿器地下室干衣静音,768.00,102,jhs电器旗舰店,http://detail.tmall.com/item.htm?id=39253917754&ns=1&abbucket=5,
宜盾普空气净化器空净除湿机干衣一体机家用除甲醛除湿哆哆,3488.00,124,edenpure宜盾普旗舰店,http://detail.tmall.com/item.htm?id=44841539529&ns=1&abbucket=5,
TOMONI暖被机专用烘干机衣物干燥袋干衣袋干衣罩,48.00,18,腾御电器专营店,http://detail.tmall.com/item.htm?id=40789372073&ns=1&abbucket=5,
[分期0元购]Midea/美的MH60-Z003欧式6公斤滚筒式干衣机烘干机,1298.00,3,中佳电器专营店,http://detail.tmall.com/item.htm?id=44408969545&ns=1&abbucket=5,
亚都新款除湿机C121B家用抽湿机静音除湿器地下室吸湿机干衣除湿,1370.00,1,亚都东方卫士专卖店,http://detail.tmall.com/item.htm?id=41321108267&ns=1&abbucket=5,
Midea/美的MH60-Z0036公斤欧式智能家用滚筒式干衣机衣干即停,1298.00,3,美的迈玮专卖店,http://detail.tmall.com/item.htm?id=45546511815&ns=1&abbucket=5,
扬子除湿机家用抽湿机静音地下室大功率抽湿器除湿器吸潮器干衣,798.00,10,凯瑞克电器专营店,http://detail.tmall.com/item.htm?id=37675438734&ns=1&abbucket=5,
小艾CF20DA1除湿机家用抽湿机地下室吸潮湿机干衣净化静音除湿器,288.00,8,双乐电器专营店,http://detail.tmall.com/item.htm?id=45649468120&ns=1&abbucket=5,
授冠者FSC2-380不锈钢干衣消毒柜立式衣服烘干机家用暖风烘衣机,1299.00,3,crownland授冠者旗舰店,http://detail.tmall.com/item.htm?id=45051168601&ns=1&abbucket=5,
湿腾除湿机家用静音抽湿吸湿器干衣地下室净化空气天猫分期,2380.00,5,湿腾营腾专卖店,http://detail.tmall.com/item.htm?id=38873007217&ns=1&abbucket=5,
Midea/美的MH60-Z0036公斤热烘干机除螨滚筒式干衣机衣服家用,1298.00,1,营翔电器专营店,http://detail.tmall.com/item.htm?id=520321408820&ns=1&abbucket=5,
Midea/美的MH60-Z0036公斤智能干衣机/烘干机官方正品,1298.00,2,midea美的太平洋专卖店,http://detail.tmall.com/item.htm?id=44168980689&ns=1&abbucket=5,
扬子除湿机家用除湿器静音地下室抽湿器吸湿器干衣机净化空气,999.00,3,凯瑞克电器专营店,http://detail.tmall.com/item.htm?id=43854961756&ns=1&abbucket=5,
仟井除湿机家用TH-25CSH负离子遥控抽湿器干衣地下室抽湿机,2499.00,4,源鸿达电器专营店,http://detail.tmall.com/item.htm?id=21865504230&ns=1&abbucket=5,
TOMONI干衣机暖被机专用干衣棚干衣罩干衣柜脏物篮出口品质,98.00,2,腾御电器专营店,http://detail.tmall.com/item.htm?id=40763325477&ns=1&abbucket=5,
eosin/永生T50-78脱水机塑料桶大容量甩干桶干衣机进水漂脱甩干,184.00,3,欧腾电器专营店,http://detail.tmall.com/item.htm?id=40884951542&ns=1&abbucket=5,
湿腾除湿机家用抽湿机静音除湿器地下室吸湿机干衣除湿ST-825C,1380.00,4,湿腾营腾专卖店,http://detail.tmall.com/item.htm?id=38904205007&ns=1&abbucket=5,
eosin/永生T50-878脱水机不锈钢桶大容量甩干桶干衣机进水漂脱,198.00,3,欧腾电器专营店,http://detail.tmall.com/item.htm?id=18570922661&ns=1&abbucket=5,
百奥除湿机家用HD261A地下室抽湿机除湿器静音吸湿器干衣抽湿器,958.00,4,誉静电器专营店,http://detail.tmall.com/item.htm?id=43860739892&ns=1&abbucket=5,
CTT滚筒干衣机专用出风口过滤棉,5.00,23,ctt电器旗舰店,http://detail.tmall.com/item.htm?id=18842295811&ns=1&abbucket=5,
CTT滚筒干衣机专用进风口过滤棉,3.00,20,ctt电器旗舰店,http://detail.tmall.com/item.htm?id=37113440074&ns=1&abbucket=5
格米德干衣机毛巾架,10.00,10,格米德旗舰店,http://detail.tmall.com/item.htm?id=40894812318&ns=1&abbucket=5,
【袋鼠妈妈】干衣机万向滑轮单个价格,4.00,2,袋鼠妈妈水一方专卖店,http://detail.tmall.com/item.htm?id=43447342814&ns=1&abbucket=5,
干衣机配件铝合金粗管细管拍的时候留言注明,8.00,1,誉满堂电器专营店,http://detail.tmall.com/item.htm?id=42701404873&ns=1&abbucket=5,
西格玛滚筒干衣机专用出风口过滤棉,5.00,9,sigma西格玛旗舰店,http://detail.tmall.com/item.htm?id=38911593799&ns=1&abbucket=5,
活仕家用净化型干衣除湿机静音抽湿机WDF38BD全国联保,3680.00,0,广百官方旗舰店,http://detail.tmall.com/item.htm?id=17223077778&ns=1&abbucket=5,
美菱环保除湿机除湿器抽湿器家用商用仓库地下室大功率净化干衣,1060.00,3,雅美娜电器专营店,http://detail.tmall.com/item.htm?id=40713882627&ns=1&abbucket=5,
SIEMENS/西门子XQG80-WD12G4681W变频洗干一体8kg干衣滚筒洗衣机,6979.00,92,西门子博海升专卖店,http://detail.tmall.com/item.htm?id=45173417379&ns=1&abbucket=5,
Philips/飞利浦毛球修剪器GC026衣服脱毛器去球机剃毛球干电,59.00,46,飞利浦润诚专卖店,http://detail.tmall.com/item.htm?id=20031046688&ns=1&abbucket=5,
飞利浦毛球修剪器GC026衣服脱毛器去球机剃毛球干电池式正品特价,58.00,40,philips飞利浦金穗专卖店,http://detail.tmall.com/item.htm?id=43942323997&ns=1&abbucket=5,
飞利浦毛球修剪器GC026衣服脱毛器去球机剃毛球干电池式正品特价,59.00,16,飞利浦京创专卖店,http://detail.tmall.com/item.htm?id=40918766508&ns=1&abbucket=5,
Mr.Bond邦先生烘干杀菌电动晾衣架静音自动升降晾衣机智能遥控,2199.00,23,邦先生旗舰店,http://detail.tmall.com/item.htm?id=43350218088&ns=1&abbucket=5,
Mr.Bond邦先生烘干杀菌电动晾衣架双杆自动升降晾衣机智能遥控,2199.00,6,邦先生旗舰店,http://detail.tmall.com/item.htm?id=40313223292&ns=1&abbucket=5,
Canbo/康宝ZTP10A-1婴儿衣物内衣消毒柜迷你家用内衣洗衣机烘干,699.00,19,康宝旗舰店,http://detail.tmall.com/item.htm?id=37226519589&ns=1&abbucket=5,
居适捷阳台智能遥控电动晾衣架烘干杀菌消毒自动升降伸缩晒衣机,2180.00,51,jusjo居适捷旗舰店,http://detail.tmall.com/item.htm?id=44239619005&ns=1&abbucket=5,
SIEMENS/西门子XQG75-WD14H4601W滚筒洗衣机全自动带烘干干衣,6550.00,21,西门子庆顺专卖店,http://detail.tmall.com/item.htm?id=42201797532&ns=1&abbucket=5,
好美特挂烫机熨斗家用双杆手持蒸汽烫衣服正品干烫全功能一体包邮,998.00,81,天购电器专营店,http://detail.tmall.com/item.htm?id=43845836590&ns=1&abbucket=5,
SIEMENS/西门子XQG80-WD12G4681W变频洗干一体8kg干衣滚筒洗衣机,6399.00,7,siemens蕴通专卖店,http://detail.tmall.com/item.htm?id=45786961100&ns=1&abbucket=5,
百奥除湿机家用地下室吸湿去湿抽湿机器干燥机烘干衣防潮HD165A,689.00,4,红橡电器专营店,http://detail.tmall.com/item.htm?id=44002449573&ns=1&abbucket=5,
多乐信AR-300除湿机家用抽湿机静音除湿器地下室吸湿机干衣除湿,1280.00,2,多乐信旗舰店,http://detail.tmall.com/item.htm?id=42854383815&ns=1&abbucket=5,
TOMONI暖被机专用原厂配件增大型气垫干衣垫正品AFS-KT,70.00,3,腾御电器专营店,http://detail.tmall.com/item.htm?id=40763729182&ns=1&abbucket=5,
TOMONI暖被机专用干衣机配件简易储物干衣柜AFS-BG,98.00,6,腾御电器专营店,http://detail.tmall.com/item.htm?id=40763409078&ns=1&abbucket=5,
金贵夫人热风烘干电动升降晾衣架阳台自动晾衣机智能遥控晒衣架,2399.00,6,沃迅家居专营店,http://detail.tmall.com/item.htm?id=45160833052&ns=1&abbucket=5,
雷瓦干电池式剃毛器毛球修剪器衣服去球器剃毛机吸打毛器除脱毛器,29.00,5,riwa旗舰店,http://detail.tmall.com/item.htm?id=41642548411&ns=1&abbucket=5,
飞利浦毛球修剪器GC026衣服脱毛器去球机剃毛球干电池款联保正品,63.00,0,philips鑫龙吉专卖店,http://detail.tmall.com/item.htm?id=39234645418&ns=1&abbucket=5,
樱之花吸湿剂干燥剂260g*6相机衣柜防潮除湿防霉干燥包邮,44.10,289,樱之花旗舰店,http://detail.tmall.com/item.htm?id=4133759450&ns=1&abbucket=5,
天使之翼自动晾衣架智能遥控电动升降阳台晾衣机LED烘干消毒,2388.00,2,天使之翼家居旗舰店,http://detail.tmall.com/item.htm?id=41660824713&ns=1&abbucket=5,
润家除湿盒活性炭除湿剂吸湿剂干相机衣柜防霉防潮干燥剂房间室内,6.99,2,雅冠家居专营店,http://detail.tmall.com/item.htm?id=15578092845&ns=1&abbucket=5,
TOMONI暖被机干衣机专用防风型不锈钢折叠八角衣架衣撑衣挂16夹,20.00,3,腾御电器专营店,http://detail.tmall.com/item.htm?id=40776544055&ns=1&abbucket=5