name,price,sell,url,shop
天骏干衣机TJ-211M-2双层烘衣机超静音衣柜烘干机家用宝宝专用,179,2092,http://detail.tmall.com/item.htm?id=36875767374&ns=1&abbucket=5,天骏哥登专卖店
绿菱干衣机家用方形三层烘干机宝宝专用超静音烘衣机特价包邮,119,1797,http://detail.tmall.com/item.htm?id=41245961487&ns=1&abbucket=5,绿菱旗舰店
志高干衣机双层烘衣机超静音烘干机家用省电宝宝专用包邮,159,1308,http://detail.tmall.com/item.htm?id=41135920129&ns=1&abbucket=5,志高帝赐尔专卖店
艾美特干衣机烘衣机静音宝宝专用双层衣服烘干机家用风干器干衣柜,279,1177,http://detail.tmall.com/item.htm?id=36438271772&ns=1&abbucket=5,艾美特国煌专卖店
【雨季必备】干衣机烘干机家用静音可折叠德尔玛双层大容量家用,99,995,http://detail.tmall.com/item.htm?id=43962063955&ns=1&abbucket=5,德尔玛旗舰店
耀程干衣机家用小宝宝天鹅衣服物干衣柜烘衣机烘干器风干机烘干机,159,582,http://detail.tmall.com/item.htm?id=16000174379&ns=1&abbucket=5,耀程电器专营店
奥德尔10B干衣机家用方形衣服烘干机静音双层暖风烘衣机特价,179,503,http://detail.tmall.com/item.htm?id=19464408882&ns=1&abbucket=5,奥德尔旗舰店
袋鼠妈妈干衣机烘衣机静音宝宝专用双层衣服烘干机家用风干器衣柜,179,480,http://detail.tmall.com/item.htm?id=43007630458&ns=1&abbucket=5,袋鼠妈妈水一方专卖店
志高烘衣机儿童迷你小型烘干衣机烘干机家用烘衣服机烤衣服静音,79,405,http://detail.tmall.com/item.htm?id=42257702199&ns=1&abbucket=5,志高帝赐尔专卖店
天骏干衣机TJ-238M双层烘干机家用静音衣服烘衣机包邮店长推荐,199,315,http://detail.tmall.com/item.htm?id=16127850414&ns=1&abbucket=5,天骏旗舰店
志高双层干衣机ZG09D烘干机烘衣机超静音家用高温杀菌包邮,149,261,http://detail.tmall.com/item.htm?id=43575533490&ns=1&abbucket=5,志高纳贝尔专卖店
袋鼠妈妈干衣机圆形园型元形烘干机烘衣机静音双层烘衣机包邮,179,257,http://detail.tmall.com/item.htm?id=43144994874&ns=1&abbucket=5,ddmommy袋鼠妈妈旗舰店
天骏干衣机烘干机家用宝宝儿童圆形双层衣服烘衣机静音暖风速干器,176,236,http://detail.tmall.com/item.htm?id=40967366001&ns=1&abbucket=5,天骏三川西格玛专卖店
干衣机双层烘衣机超静音衣服烘干机家用省电宝宝专用风干器柜,149,128,http://detail.tmall.com/item.htm?id=40704285966&ns=1&abbucket=5,誉满堂电器专营店
艾美特烘衣机干衣机衣服烘干机婴儿宝宝专用静音双层烤衣机干衣柜,259,117,http://detail.tmall.com/item.htm?id=36438459520&ns=1&abbucket=5,艾美特国煌专卖店
德尔玛干衣机家用双层烘干机省电宝宝专用超静音烘衣风干器柜,99,110,http://detail.tmall.com/item.htm?id=41646024208&ns=1&abbucket=5,德尔玛旗舰店
天骏TJ-1A-JY干衣机烘干机宝宝专用家用超静音省电双层烘衣机,158,109,http://detail.tmall.com/item.htm?id=17387018146&ns=1&abbucket=5,天骏陶鼎专卖店
艾美特干衣机家用烘衣机静音省电宝宝专用衣服烘干机双层风干衣柜,269,100,http://detail.tmall.com/item.htm?id=18076863223&ns=1&abbucket=5,艾美特电器旗舰店
艾美特干衣机双层衣柜烘干机家用烘衣机HGY908P静音可折叠风干机,299,96,http://detail.tmall.com/item.htm?id=44227841784&ns=1&abbucket=5,艾美特鹤明专卖店
艾美特干衣机宝宝专用衣物烘干机家用静音烘衣机蓝色经典款,268,84,http://detail.tmall.com/item.htm?id=13416528158&ns=1&abbucket=5,尔奇电器专营店
,,,,
